media_id,event_id,media_type,storage_disk,storage_key,mime_type,file_size_bytes,width_px,height_px,captured_at,alt_text,privacy_status,checksum_sha256
MED-00004,EV-00001,PICKUP_PHOTO,private,shipment-events/ANT-FRZ-0001/pickup.webp,image/webp,31502,1280,720,2026-09-18T01:17:00.000Z,Foto ilustrasi pickup untuk data latihan ANT-FRZ-0001,APPROVED,fbebf30480f076bf0cda0026ac77c4ea1eac514ca86198c7213b1293bde6a4d3
MED-00001,EV-00002,PICKUP_PHOTO,private,shipment-events/ANT-FRZ-0002/pickup.webp,image/webp,31502,1280,720,2026-09-18T01:34:00.000Z,Foto ilustrasi pickup untuk data latihan ANT-FRZ-0002,APPROVED,fbebf30480f076bf0cda0026ac77c4ea1eac514ca86198c7213b1293bde6a4d3
MED-00005,EV-00005,PICKUP_PHOTO,private,shipment-events/ANT-FRZ-0003/pickup.webp,image/webp,31502,1280,720,2026-09-18T01:51:00.000Z,Foto ilustrasi pickup untuk data latihan ANT-FRZ-0003,APPROVED,fbebf30480f076bf0cda0026ac77c4ea1eac514ca86198c7213b1293bde6a4d3
MED-00006,EV-00006,PICKUP_PHOTO,private,shipment-events/ANT-FRZ-0004/pickup.webp,image/webp,31502,1280,720,2026-09-18T02:08:00.000Z,Foto ilustrasi pickup untuk data latihan ANT-FRZ-0004,APPROVED,fbebf30480f076bf0cda0026ac77c4ea1eac514ca86198c7213b1293bde6a4d3
MED-00007,EV-00009,PICKUP_PHOTO,private,shipment-events/ANT-FRZ-0005/pickup.webp,image/webp,31502,1280,720,2026-09-18T02:25:00.000Z,Foto ilustrasi pickup untuk data latihan ANT-FRZ-0005,APPROVED,fbebf30480f076bf0cda0026ac77c4ea1eac514ca86198c7213b1293bde6a4d3
MED-00008,EV-00010,PICKUP_PHOTO,private,shipment-events/ANT-FRZ-0006/pickup.webp,image/webp,31502,1280,720,2026-09-18T02:42:00.000Z,Foto ilustrasi pickup untuk data latihan ANT-FRZ-0006,APPROVED,fbebf30480f076bf0cda0026ac77c4ea1eac514ca86198c7213b1293bde6a4d3
MED-00009,EV-00018,PICKUP_PHOTO,private,shipment-events/ANT-FRZ-0007/pickup.webp,image/webp,31502,1280,720,2026-09-18T02:59:00.000Z,Foto ilustrasi pickup untuk data latihan ANT-FRZ-0007,APPROVED,fbebf30480f076bf0cda0026ac77c4ea1eac514ca86198c7213b1293bde6a4d3
MED-00010,EV-00019,PICKUP_PHOTO,private,shipment-events/ANT-FRZ-0008/pickup.webp,image/webp,31502,1280,720,2026-09-18T03:16:00.000Z,Foto ilustrasi pickup untuk data latihan ANT-FRZ-0008,APPROVED,fbebf30480f076bf0cda0026ac77c4ea1eac514ca86198c7213b1293bde6a4d3
MED-00011,EV-00023,PICKUP_PHOTO,private,shipment-events/ANT-FRZ-0009/pickup.webp,image/webp,31502,1280,720,2026-09-18T03:33:00.000Z,Foto ilustrasi pickup untuk data latihan ANT-FRZ-0009,APPROVED,fbebf30480f076bf0cda0026ac77c4ea1eac514ca86198c7213b1293bde6a4d3
MED-00012,EV-00025,PICKUP_PHOTO,private,shipment-events/ANT-FRZ-0010/pickup.webp,image/webp,31502,1280,720,2026-09-18T01:04:00.000Z,Foto ilustrasi pickup untuk data latihan ANT-FRZ-0010,APPROVED,fbebf30480f076bf0cda0026ac77c4ea1eac514ca86198c7213b1293bde6a4d3
MED-00013,EV-00029,PICKUP_PHOTO,private,shipment-events/ANT-FRZ-0011/pickup.webp,image/webp,31502,1280,720,2026-09-18T01:21:00.000Z,Foto ilustrasi pickup untuk data latihan ANT-FRZ-0011,APPROVED,fbebf30480f076bf0cda0026ac77c4ea1eac514ca86198c7213b1293bde6a4d3
MED-00002,EV-00033,PICKUP_PHOTO,private,shipment-events/ANT-FRZ-0012/pickup.webp,image/webp,95934,1280,720,2026-09-18T01:38:00.000Z,Foto ilustrasi pickup untuk data latihan ANT-FRZ-0012,APPROVED,cc1111b783c85ddbbc7bacffcebc545c346f336c0f474284074d0fa731e49544
MED-00003,EV-00037,DELIVERY_PHOTO,private,shipment-events/ANT-FRZ-0012/delivery.webp,image/webp,78408,1280,720,2026-09-18T08:49:00.000Z,Foto ilustrasi delivery untuk data latihan ANT-FRZ-0012,APPROVED,6ef939c6becbd0b9c4a6159ddedf72ecea7cebfc7b3c25d717582763f14d57f7
MED-00014,EV-00038,PICKUP_PHOTO,private,shipment-events/ANT-FRZ-0013/pickup.webp,image/webp,31502,1280,720,2026-09-18T01:55:00.000Z,Foto ilustrasi pickup untuk data latihan ANT-FRZ-0013,APPROVED,fbebf30480f076bf0cda0026ac77c4ea1eac514ca86198c7213b1293bde6a4d3
MED-00015,EV-00040,PICKUP_PHOTO,private,shipment-events/ANT-FRZ-0014/pickup.webp,image/webp,31502,1280,720,2026-09-18T02:12:00.000Z,Foto ilustrasi pickup untuk data latihan ANT-FRZ-0014,APPROVED,fbebf30480f076bf0cda0026ac77c4ea1eac514ca86198c7213b1293bde6a4d3
MED-00016,EV-00044,DELIVERY_PHOTO,private,shipment-events/ANT-FRZ-0014/delivery.webp,image/webp,78408,1280,720,2026-09-18T09:49:00.000Z,Foto ilustrasi delivery untuk data latihan ANT-FRZ-0014,APPROVED,6ef939c6becbd0b9c4a6159ddedf72ecea7cebfc7b3c25d717582763f14d57f7
MED-00017,EV-00045,PICKUP_PHOTO,private,shipment-events/ANT-FRZ-0015/pickup.webp,image/webp,31502,1280,720,2026-09-18T02:29:00.000Z,Foto ilustrasi pickup untuk data latihan ANT-FRZ-0015,APPROVED,fbebf30480f076bf0cda0026ac77c4ea1eac514ca86198c7213b1293bde6a4d3
MED-00018,EV-00048,PICKUP_PHOTO,private,shipment-events/ANT-FRZ-0016/pickup.webp,image/webp,31502,1280,720,2026-09-18T02:46:00.000Z,Foto ilustrasi pickup untuk data latihan ANT-FRZ-0016,APPROVED,fbebf30480f076bf0cda0026ac77c4ea1eac514ca86198c7213b1293bde6a4d3
MED-00019,EV-00056,DELIVERY_PHOTO,private,shipment-events/ANT-FRZ-0016/delivery.webp,image/webp,78408,1280,720,2026-09-18T09:09:00.000Z,Foto ilustrasi delivery untuk data latihan ANT-FRZ-0016,APPROVED,6ef939c6becbd0b9c4a6159ddedf72ecea7cebfc7b3c25d717582763f14d57f7
MED-00020,EV-00057,PICKUP_PHOTO,private,shipment-events/ANT-FRZ-0017/pickup.webp,image/webp,31502,1280,720,2026-09-18T03:03:00.000Z,Foto ilustrasi pickup untuk data latihan ANT-FRZ-0017,APPROVED,fbebf30480f076bf0cda0026ac77c4ea1eac514ca86198c7213b1293bde6a4d3
MED-00021,EV-00060,PICKUP_PHOTO,private,shipment-events/ANT-FRZ-0018/pickup.webp,image/webp,31502,1280,720,2026-09-18T03:20:00.000Z,Foto ilustrasi pickup untuk data latihan ANT-FRZ-0018,APPROVED,fbebf30480f076bf0cda0026ac77c4ea1eac514ca86198c7213b1293bde6a4d3
MED-00022,EV-00064,DELIVERY_PHOTO,private,shipment-events/ANT-FRZ-0018/delivery.webp,image/webp,78408,1280,720,2026-09-18T10:09:00.000Z,Foto ilustrasi delivery untuk data latihan ANT-FRZ-0018,APPROVED,6ef939c6becbd0b9c4a6159ddedf72ecea7cebfc7b3c25d717582763f14d57f7
MED-00023,EV-00065,PICKUP_PHOTO,private,shipment-events/ANT-FRZ-0019/pickup.webp,image/webp,31502,1280,720,2026-09-18T03:37:00.000Z,Foto ilustrasi pickup untuk data latihan ANT-FRZ-0019,APPROVED,fbebf30480f076bf0cda0026ac77c4ea1eac514ca86198c7213b1293bde6a4d3
MED-00024,EV-00068,PICKUP_PHOTO,private,shipment-events/ANT-FRZ-0020/pickup.webp,image/webp,31502,1280,720,2026-09-18T01:08:00.000Z,Foto ilustrasi pickup untuk data latihan ANT-FRZ-0020,APPROVED,fbebf30480f076bf0cda0026ac77c4ea1eac514ca86198c7213b1293bde6a4d3
MED-00025,EV-00069,PICKUP_PHOTO,private,shipment-events/ANT-FRZ-0021/pickup.webp,image/webp,31502,1280,720,2026-09-18T01:25:00.000Z,Foto ilustrasi pickup untuk data latihan ANT-FRZ-0021,APPROVED,fbebf30480f076bf0cda0026ac77c4ea1eac514ca86198c7213b1293bde6a4d3
MED-00026,EV-00076,PICKUP_PHOTO,private,shipment-events/ANT-FRZ-0022/pickup.webp,image/webp,31502,1280,720,2026-09-18T01:42:00.000Z,Foto ilustrasi pickup untuk data latihan ANT-FRZ-0022,APPROVED,fbebf30480f076bf0cda0026ac77c4ea1eac514ca86198c7213b1293bde6a4d3
MED-00027,EV-00077,PICKUP_PHOTO,private,shipment-events/ANT-FRZ-0023/pickup.webp,image/webp,31502,1280,720,2026-09-18T01:59:00.000Z,Foto ilustrasi pickup untuk data latihan ANT-FRZ-0023,APPROVED,fbebf30480f076bf0cda0026ac77c4ea1eac514ca86198c7213b1293bde6a4d3
MED-00028,EV-00083,PICKUP_PHOTO,private,shipment-events/ANT-FRZ-0024/pickup.webp,image/webp,31502,1280,720,2026-09-18T02:16:00.000Z,Foto ilustrasi pickup untuk data latihan ANT-FRZ-0024,APPROVED,fbebf30480f076bf0cda0026ac77c4ea1eac514ca86198c7213b1293bde6a4d3
MED-00029,EV-00084,PICKUP_PHOTO,private,shipment-events/ANT-FRZ-0025/pickup.webp,image/webp,31502,1280,720,2026-09-18T02:33:00.000Z,Foto ilustrasi pickup untuk data latihan ANT-FRZ-0025,APPROVED,fbebf30480f076bf0cda0026ac77c4ea1eac514ca86198c7213b1293bde6a4d3
MED-00030,EV-00090,PICKUP_PHOTO,private,shipment-events/ANT-FRZ-0026/pickup.webp,image/webp,31502,1280,720,2026-09-18T02:50:00.000Z,Foto ilustrasi pickup untuk data latihan ANT-FRZ-0026,APPROVED,fbebf30480f076bf0cda0026ac77c4ea1eac514ca86198c7213b1293bde6a4d3
MED-00031,EV-00094,PICKUP_PHOTO,private,shipment-events/ANT-FRZ-0027/pickup.webp,image/webp,31502,1280,720,2026-09-18T03:07:00.000Z,Foto ilustrasi pickup untuk data latihan ANT-FRZ-0027,APPROVED,fbebf30480f076bf0cda0026ac77c4ea1eac514ca86198c7213b1293bde6a4d3
MED-00032,EV-00100,PICKUP_PHOTO,private,shipment-events/ANT-FRZ-0028/pickup.webp,image/webp,31502,1280,720,2026-09-18T03:24:00.000Z,Foto ilustrasi pickup untuk data latihan ANT-FRZ-0028,APPROVED,fbebf30480f076bf0cda0026ac77c4ea1eac514ca86198c7213b1293bde6a4d3
MED-00033,EV-00102,PICKUP_PHOTO,private,shipment-events/ANT-FRZ-0029/pickup.webp,image/webp,31502,1280,720,2026-09-18T03:41:00.000Z,Foto ilustrasi pickup untuk data latihan ANT-FRZ-0029,APPROVED,fbebf30480f076bf0cda0026ac77c4ea1eac514ca86198c7213b1293bde6a4d3
MED-00034,EV-00108,DELIVERY_PHOTO,private,shipment-events/ANT-FRZ-0029/delivery.webp,image/webp,78408,1280,720,2026-09-18T11:13:00.000Z,Foto ilustrasi delivery untuk data latihan ANT-FRZ-0029,APPROVED,6ef939c6becbd0b9c4a6159ddedf72ecea7cebfc7b3c25d717582763f14d57f7
MED-00035,EV-00109,PICKUP_PHOTO,private,shipment-events/ANT-FRZ-0030/pickup.webp,image/webp,31502,1280,720,2026-09-18T01:12:00.000Z,Foto ilustrasi pickup untuk data latihan ANT-FRZ-0030,APPROVED,fbebf30480f076bf0cda0026ac77c4ea1eac514ca86198c7213b1293bde6a4d3
MED-00036,EV-00111,PICKUP_PHOTO,private,shipment-events/ANT-FRZ-0031/pickup.webp,image/webp,31502,1280,720,2026-09-18T01:29:00.000Z,Foto ilustrasi pickup untuk data latihan ANT-FRZ-0031,APPROVED,fbebf30480f076bf0cda0026ac77c4ea1eac514ca86198c7213b1293bde6a4d3
MED-00037,EV-00119,DELIVERY_PHOTO,private,shipment-events/ANT-FRZ-0031/delivery.webp,image/webp,78408,1280,720,2026-09-18T07:47:00.000Z,Foto ilustrasi delivery untuk data latihan ANT-FRZ-0031,APPROVED,6ef939c6becbd0b9c4a6159ddedf72ecea7cebfc7b3c25d717582763f14d57f7
MED-00038,EV-00120,PICKUP_PHOTO,private,shipment-events/ANT-FRZ-0032/pickup.webp,image/webp,31502,1280,720,2026-09-18T01:46:00.000Z,Foto ilustrasi pickup untuk data latihan ANT-FRZ-0032,APPROVED,fbebf30480f076bf0cda0026ac77c4ea1eac514ca86198c7213b1293bde6a4d3
MED-00039,EV-00122,PICKUP_PHOTO,private,shipment-events/ANT-FRZ-0033/pickup.webp,image/webp,31502,1280,720,2026-09-18T02:03:00.000Z,Foto ilustrasi pickup untuk data latihan ANT-FRZ-0033,APPROVED,fbebf30480f076bf0cda0026ac77c4ea1eac514ca86198c7213b1293bde6a4d3
MED-00040,EV-00128,DELIVERY_PHOTO,private,shipment-events/ANT-FRZ-0033/delivery.webp,image/webp,78408,1280,720,2026-09-18T08:47:00.000Z,Foto ilustrasi delivery untuk data latihan ANT-FRZ-0033,APPROVED,6ef939c6becbd0b9c4a6159ddedf72ecea7cebfc7b3c25d717582763f14d57f7
MED-00041,EV-00129,PICKUP_PHOTO,private,shipment-events/ANT-FRZ-0034/pickup.webp,image/webp,31502,1280,720,2026-09-18T02:20:00.000Z,Foto ilustrasi pickup untuk data latihan ANT-FRZ-0034,APPROVED,fbebf30480f076bf0cda0026ac77c4ea1eac514ca86198c7213b1293bde6a4d3
MED-00042,EV-00132,PICKUP_PHOTO,private,shipment-events/ANT-FRZ-0035/pickup.webp,image/webp,31502,1280,720,2026-09-18T02:37:00.000Z,Foto ilustrasi pickup untuk data latihan ANT-FRZ-0035,APPROVED,fbebf30480f076bf0cda0026ac77c4ea1eac514ca86198c7213b1293bde6a4d3
MED-00043,EV-00138,DELIVERY_PHOTO,private,shipment-events/ANT-FRZ-0035/delivery.webp,image/webp,78408,1280,720,2026-09-18T09:47:00.000Z,Foto ilustrasi delivery untuk data latihan ANT-FRZ-0035,APPROVED,6ef939c6becbd0b9c4a6159ddedf72ecea7cebfc7b3c25d717582763f14d57f7
MED-00044,EV-00139,PICKUP_PHOTO,private,shipment-events/ANT-FRZ-0036/pickup.webp,image/webp,31502,1280,720,2026-09-18T02:54:00.000Z,Foto ilustrasi pickup untuk data latihan ANT-FRZ-0036,APPROVED,fbebf30480f076bf0cda0026ac77c4ea1eac514ca86198c7213b1293bde6a4d3
MED-00045,EV-00146,PICKUP_PHOTO,private,shipment-events/ANT-FRZ-0037/pickup.webp,image/webp,31502,1280,720,2026-09-18T03:11:00.000Z,Foto ilustrasi pickup untuk data latihan ANT-FRZ-0037,APPROVED,fbebf30480f076bf0cda0026ac77c4ea1eac514ca86198c7213b1293bde6a4d3
MED-00046,EV-00147,PICKUP_PHOTO,private,shipment-events/ANT-FRZ-0038/pickup.webp,image/webp,31502,1280,720,2026-09-18T03:28:00.000Z,Foto ilustrasi pickup untuk data latihan ANT-FRZ-0038,APPROVED,fbebf30480f076bf0cda0026ac77c4ea1eac514ca86198c7213b1293bde6a4d3
MED-00047,EV-00150,PICKUP_PHOTO,private,shipment-events/ANT-FRZ-0039/pickup.webp,image/webp,31502,1280,720,2026-09-18T03:45:00.000Z,Foto ilustrasi pickup untuk data latihan ANT-FRZ-0039,APPROVED,fbebf30480f076bf0cda0026ac77c4ea1eac514ca86198c7213b1293bde6a4d3
MED-00048,EV-00151,PICKUP_PHOTO,private,shipment-events/ANT-FRZ-0040/pickup.webp,image/webp,31502,1280,720,2026-09-18T01:16:00.000Z,Foto ilustrasi pickup untuk data latihan ANT-FRZ-0040,APPROVED,fbebf30480f076bf0cda0026ac77c4ea1eac514ca86198c7213b1293bde6a4d3
MED-00049,EV-00155,PICKUP_PHOTO,private,shipment-events/ANT-FRZ-0041/pickup.webp,image/webp,31502,1280,720,2026-09-18T01:33:00.000Z,Foto ilustrasi pickup untuk data latihan ANT-FRZ-0041,APPROVED,fbebf30480f076bf0cda0026ac77c4ea1eac514ca86198c7213b1293bde6a4d3
MED-00050,EV-00156,PICKUP_PHOTO,private,shipment-events/ANT-FRZ-0042/pickup.webp,image/webp,31502,1280,720,2026-09-18T01:50:00.000Z,Foto ilustrasi pickup untuk data latihan ANT-FRZ-0042,APPROVED,fbebf30480f076bf0cda0026ac77c4ea1eac514ca86198c7213b1293bde6a4d3
MED-00051,EV-00160,PICKUP_PHOTO,private,shipment-events/ANT-FRZ-0043/pickup.webp,image/webp,31502,1280,720,2026-09-18T02:07:00.000Z,Foto ilustrasi pickup untuk data latihan ANT-FRZ-0043,APPROVED,fbebf30480f076bf0cda0026ac77c4ea1eac514ca86198c7213b1293bde6a4d3
MED-00052,EV-00162,PICKUP_PHOTO,private,shipment-events/ANT-FRZ-0044/pickup.webp,image/webp,31502,1280,720,2026-09-18T02:24:00.000Z,Foto ilustrasi pickup untuk data latihan ANT-FRZ-0044,APPROVED,fbebf30480f076bf0cda0026ac77c4ea1eac514ca86198c7213b1293bde6a4d3
MED-00053,EV-00166,PICKUP_PHOTO,private,shipment-events/ANT-FRZ-0045/pickup.webp,image/webp,31502,1280,720,2026-09-18T02:41:00.000Z,Foto ilustrasi pickup untuk data latihan ANT-FRZ-0045,APPROVED,fbebf30480f076bf0cda0026ac77c4ea1eac514ca86198c7213b1293bde6a4d3
MED-00054,EV-00168,PICKUP_PHOTO,private,shipment-events/ANT-FRZ-0046/pickup.webp,image/webp,31502,1280,720,2026-09-18T02:58:00.000Z,Foto ilustrasi pickup untuk data latihan ANT-FRZ-0046,APPROVED,fbebf30480f076bf0cda0026ac77c4ea1eac514ca86198c7213b1293bde6a4d3
MED-00055,EV-00176,PICKUP_PHOTO,private,shipment-events/ANT-FRZ-0047/pickup.webp,image/webp,31502,1280,720,2026-09-18T03:15:00.000Z,Foto ilustrasi pickup untuk data latihan ANT-FRZ-0047,APPROVED,fbebf30480f076bf0cda0026ac77c4ea1eac514ca86198c7213b1293bde6a4d3
MED-00056,EV-00178,PICKUP_PHOTO,private,shipment-events/ANT-FRZ-0048/pickup.webp,image/webp,31502,1280,720,2026-09-18T03:32:00.000Z,Foto ilustrasi pickup untuk data latihan ANT-FRZ-0048,APPROVED,fbebf30480f076bf0cda0026ac77c4ea1eac514ca86198c7213b1293bde6a4d3
MED-00057,EV-00182,DELIVERY_PHOTO,private,shipment-events/ANT-FRZ-0048/delivery.webp,image/webp,78408,1280,720,2026-09-18T10:11:00.000Z,Foto ilustrasi delivery untuk data latihan ANT-FRZ-0048,APPROVED,6ef939c6becbd0b9c4a6159ddedf72ecea7cebfc7b3c25d717582763f14d57f7
MED-00058,EV-00183,PICKUP_PHOTO,private,shipment-events/ANT-FRZ-0049/pickup.webp,image/webp,31502,1280,720,2026-09-18T01:03:00.000Z,Foto ilustrasi pickup untuk data latihan ANT-FRZ-0049,APPROVED,fbebf30480f076bf0cda0026ac77c4ea1eac514ca86198c7213b1293bde6a4d3
MED-00059,EV-00185,PICKUP_PHOTO,private,shipment-events/ANT-FRZ-0050/pickup.webp,image/webp,31502,1280,720,2026-09-18T01:20:00.000Z,Foto ilustrasi pickup untuk data latihan ANT-FRZ-0050,APPROVED,fbebf30480f076bf0cda0026ac77c4ea1eac514ca86198c7213b1293bde6a4d3
MED-00060,EV-00189,DELIVERY_PHOTO,private,shipment-events/ANT-FRZ-0050/delivery.webp,image/webp,78408,1280,720,2026-09-18T08:25:00.000Z,Foto ilustrasi delivery untuk data latihan ANT-FRZ-0050,APPROVED,6ef939c6becbd0b9c4a6159ddedf72ecea7cebfc7b3c25d717582763f14d57f7
MED-00061,EV-00190,PICKUP_PHOTO,private,shipment-events/ANT-FRZ-0051/pickup.webp,image/webp,31502,1280,720,2026-09-18T01:37:00.000Z,Foto ilustrasi pickup untuk data latihan ANT-FRZ-0051,APPROVED,fbebf30480f076bf0cda0026ac77c4ea1eac514ca86198c7213b1293bde6a4d3
MED-00062,EV-00197,PICKUP_PHOTO,private,shipment-events/ANT-FRZ-0052/pickup.webp,image/webp,31502,1280,720,2026-09-18T01:54:00.000Z,Foto ilustrasi pickup untuk data latihan ANT-FRZ-0052,APPROVED,fbebf30480f076bf0cda0026ac77c4ea1eac514ca86198c7213b1293bde6a4d3
MED-00063,EV-00201,DELIVERY_PHOTO,private,shipment-events/ANT-FRZ-0052/delivery.webp,image/webp,78408,1280,720,2026-09-18T09:25:00.000Z,Foto ilustrasi delivery untuk data latihan ANT-FRZ-0052,APPROVED,6ef939c6becbd0b9c4a6159ddedf72ecea7cebfc7b3c25d717582763f14d57f7
MED-00064,EV-00202,PICKUP_PHOTO,private,shipment-events/ANT-FRZ-0053/pickup.webp,image/webp,31502,1280,720,2026-09-18T02:11:00.000Z,Foto ilustrasi pickup untuk data latihan ANT-FRZ-0053,APPROVED,fbebf30480f076bf0cda0026ac77c4ea1eac514ca86198c7213b1293bde6a4d3
MED-00065,EV-00205,PICKUP_PHOTO,private,shipment-events/ANT-FRZ-0054/pickup.webp,image/webp,31502,1280,720,2026-09-18T02:28:00.000Z,Foto ilustrasi pickup untuk data latihan ANT-FRZ-0054,APPROVED,fbebf30480f076bf0cda0026ac77c4ea1eac514ca86198c7213b1293bde6a4d3
MED-00066,EV-00206,PICKUP_PHOTO,private,shipment-events/ANT-FRZ-0055/pickup.webp,image/webp,31502,1280,720,2026-09-18T02:45:00.000Z,Foto ilustrasi pickup untuk data latihan ANT-FRZ-0055,APPROVED,fbebf30480f076bf0cda0026ac77c4ea1eac514ca86198c7213b1293bde6a4d3
MED-00067,EV-00209,PICKUP_PHOTO,private,shipment-events/ANT-FRZ-0056/pickup.webp,image/webp,31502,1280,720,2026-09-18T03:02:00.000Z,Foto ilustrasi pickup untuk data latihan ANT-FRZ-0056,APPROVED,fbebf30480f076bf0cda0026ac77c4ea1eac514ca86198c7213b1293bde6a4d3
MED-00068,EV-00210,PICKUP_PHOTO,private,shipment-events/ANT-FRZ-0057/pickup.webp,image/webp,31502,1280,720,2026-09-18T03:19:00.000Z,Foto ilustrasi pickup untuk data latihan ANT-FRZ-0057,APPROVED,fbebf30480f076bf0cda0026ac77c4ea1eac514ca86198c7213b1293bde6a4d3
MED-00069,EV-00216,PICKUP_PHOTO,private,shipment-events/ANT-FRZ-0058/pickup.webp,image/webp,31502,1280,720,2026-09-18T03:36:00.000Z,Foto ilustrasi pickup untuk data latihan ANT-FRZ-0058,APPROVED,fbebf30480f076bf0cda0026ac77c4ea1eac514ca86198c7213b1293bde6a4d3
MED-00070,EV-00217,PICKUP_PHOTO,private,shipment-events/ANT-FRZ-0059/pickup.webp,image/webp,31502,1280,720,2026-09-18T01:07:00.000Z,Foto ilustrasi pickup untuk data latihan ANT-FRZ-0059,APPROVED,fbebf30480f076bf0cda0026ac77c4ea1eac514ca86198c7213b1293bde6a4d3
MED-00071,EV-00223,PICKUP_PHOTO,private,shipment-events/ANT-FRZ-0060/pickup.webp,image/webp,31502,1280,720,2026-09-18T01:24:00.000Z,Foto ilustrasi pickup untuk data latihan ANT-FRZ-0060,APPROVED,fbebf30480f076bf0cda0026ac77c4ea1eac514ca86198c7213b1293bde6a4d3
MED-00072,EV-00224,PICKUP_PHOTO,private,shipment-events/ANT-FRZ-0061/pickup.webp,image/webp,31502,1280,720,2026-09-18T01:41:00.000Z,Foto ilustrasi pickup untuk data latihan ANT-FRZ-0061,APPROVED,fbebf30480f076bf0cda0026ac77c4ea1eac514ca86198c7213b1293bde6a4d3
MED-00073,EV-00232,PICKUP_PHOTO,private,shipment-events/ANT-FRZ-0062/pickup.webp,image/webp,31502,1280,720,2026-09-18T01:58:00.000Z,Foto ilustrasi pickup untuk data latihan ANT-FRZ-0062,APPROVED,fbebf30480f076bf0cda0026ac77c4ea1eac514ca86198c7213b1293bde6a4d3
MED-00074,EV-00234,PICKUP_PHOTO,private,shipment-events/ANT-FRZ-0063/pickup.webp,image/webp,31502,1280,720,2026-09-18T02:15:00.000Z,Foto ilustrasi pickup untuk data latihan ANT-FRZ-0063,APPROVED,fbebf30480f076bf0cda0026ac77c4ea1eac514ca86198c7213b1293bde6a4d3
MED-00075,EV-00240,PICKUP_PHOTO,private,shipment-events/ANT-FRZ-0064/pickup.webp,image/webp,31502,1280,720,2026-09-18T02:32:00.000Z,Foto ilustrasi pickup untuk data latihan ANT-FRZ-0064,APPROVED,fbebf30480f076bf0cda0026ac77c4ea1eac514ca86198c7213b1293bde6a4d3
MED-00076,EV-00242,PICKUP_PHOTO,private,shipment-events/ANT-FRZ-0065/pickup.webp,image/webp,31502,1280,720,2026-09-18T02:49:00.000Z,Foto ilustrasi pickup untuk data latihan ANT-FRZ-0065,APPROVED,fbebf30480f076bf0cda0026ac77c4ea1eac514ca86198c7213b1293bde6a4d3
MED-00077,EV-00248,DELIVERY_PHOTO,private,shipment-events/ANT-FRZ-0065/delivery.webp,image/webp,78408,1280,720,2026-09-18T09:49:00.000Z,Foto ilustrasi delivery untuk data latihan ANT-FRZ-0065,APPROVED,6ef939c6becbd0b9c4a6159ddedf72ecea7cebfc7b3c25d717582763f14d57f7
MED-00078,EV-00249,PICKUP_PHOTO,private,shipment-events/ANT-FRZ-0066/pickup.webp,image/webp,31502,1280,720,2026-09-18T03:06:00.000Z,Foto ilustrasi pickup untuk data latihan ANT-FRZ-0066,APPROVED,fbebf30480f076bf0cda0026ac77c4ea1eac514ca86198c7213b1293bde6a4d3
MED-00079,EV-00255,PICKUP_PHOTO,private,shipment-events/ANT-FRZ-0067/pickup.webp,image/webp,31502,1280,720,2026-09-18T03:23:00.000Z,Foto ilustrasi pickup untuk data latihan ANT-FRZ-0067,APPROVED,fbebf30480f076bf0cda0026ac77c4ea1eac514ca86198c7213b1293bde6a4d3
MED-00080,EV-00261,DELIVERY_PHOTO,private,shipment-events/ANT-FRZ-0067/delivery.webp,image/webp,78408,1280,720,2026-09-18T10:49:00.000Z,Foto ilustrasi delivery untuk data latihan ANT-FRZ-0067,APPROVED,6ef939c6becbd0b9c4a6159ddedf72ecea7cebfc7b3c25d717582763f14d57f7
MED-00081,EV-00262,PICKUP_PHOTO,private,shipment-events/ANT-FRZ-0068/pickup.webp,image/webp,31502,1280,720,2026-09-18T03:40:00.000Z,Foto ilustrasi pickup untuk data latihan ANT-FRZ-0068,APPROVED,fbebf30480f076bf0cda0026ac77c4ea1eac514ca86198c7213b1293bde6a4d3
MED-00082,EV-00265,PICKUP_PHOTO,private,shipment-events/ANT-FRZ-0069/pickup.webp,image/webp,31502,1280,720,2026-09-18T01:11:00.000Z,Foto ilustrasi pickup untuk data latihan ANT-FRZ-0069,APPROVED,fbebf30480f076bf0cda0026ac77c4ea1eac514ca86198c7213b1293bde6a4d3
MED-00083,EV-00271,DELIVERY_PHOTO,private,shipment-events/ANT-FRZ-0069/delivery.webp,image/webp,78408,1280,720,2026-09-18T09:03:00.000Z,Foto ilustrasi delivery untuk data latihan ANT-FRZ-0069,APPROVED,6ef939c6becbd0b9c4a6159ddedf72ecea7cebfc7b3c25d717582763f14d57f7
MED-00084,EV-00272,PICKUP_PHOTO,private,shipment-events/ANT-FRZ-0070/pickup.webp,image/webp,31502,1280,720,2026-09-18T01:28:00.000Z,Foto ilustrasi pickup untuk data latihan ANT-FRZ-0070,APPROVED,fbebf30480f076bf0cda0026ac77c4ea1eac514ca86198c7213b1293bde6a4d3
