event_id,awb,event_code,stage,occurred_at,hub_code,completed_stop_order,source_event_key,staging_code
EV-00001,ANT-FRZ-0001,PICKED_UP,PICKED_UP,2026-09-18T01:17:00.000Z,,0,ANT-FRZ-0001-00,
EV-00002,ANT-FRZ-0002,PICKED_UP,PICKED_UP,2026-09-18T01:34:00.000Z,,0,ANT-FRZ-0002-00,
EV-00003,ANT-FRZ-0002,ARRIVED_HUB,AT_HUB,2026-09-18T04:22:12.537Z,JKT-UTR,1,ANT-FRZ-0002-01,
EV-00004,ANT-FRZ-0002,LEFT_HUB,IN_TRANSIT,2026-09-18T05:39:00.000Z,JKT-UTR,1,ANT-FRZ-0002-02,
EV-00005,ANT-FRZ-0003,PICKED_UP,PICKED_UP,2026-09-18T01:51:00.000Z,,0,ANT-FRZ-0003-00,
EV-00006,ANT-FRZ-0004,PICKED_UP,PICKED_UP,2026-09-18T02:08:00.000Z,,0,ANT-FRZ-0004-00,
EV-00007,ANT-FRZ-0004,ARRIVED_HUB,AT_HUB,2026-09-18T04:53:38.028Z,BKS,1,ANT-FRZ-0004-01,
EV-00008,ANT-FRZ-0004,LEFT_HUB,IN_TRANSIT,2026-09-18T06:13:00.000Z,BKS,1,ANT-FRZ-0004-02,
EV-00009,ANT-FRZ-0005,PICKED_UP,PICKED_UP,2026-09-18T02:25:00.000Z,,0,ANT-FRZ-0005-00,
EV-00010,ANT-FRZ-0006,PICKED_UP,PICKED_UP,2026-09-18T02:42:00.000Z,,0,ANT-FRZ-0006-00,
EV-00011,ANT-FRZ-0006,ARRIVED_HUB,AT_HUB,2026-09-18T03:40:39.855Z,BKS,1,ANT-FRZ-0006-01,
EV-00012,ANT-FRZ-0006,LEFT_HUB,IN_TRANSIT,2026-09-18T04:09:59.783Z,BKS,1,ANT-FRZ-0006-02,
EV-00013,ANT-FRZ-0006,ARRIVED_HUB,AT_HUB,2026-09-18T05:12:10.830Z,TGR,2,ANT-FRZ-0006-03,
EV-00014,ANT-FRZ-0006,LEFT_HUB,IN_TRANSIT,2026-09-18T05:42:41.155Z,TGR,2,ANT-FRZ-0006-04,
EV-00015,ANT-FRZ-0006,ARRIVED_HUB,AT_HUB,2026-09-18T06:48:23.393Z,TGS,3,ANT-FRZ-0006-05,
EV-00016,ANT-FRZ-0006,LEFT_HUB,IN_TRANSIT,2026-09-18T07:20:04.115Z,TGS,3,ANT-FRZ-0006-06,
EV-00275,ANT-FRZ-0006,ARRIVED_STAGING,AT_STAGING,2026-09-18T07:50:34.440Z,,4,ANT-FRZ-0006-ARRIVED_STAGING-275,STG-TGS
EV-00017,ANT-FRZ-0006,OUT_FOR_DELIVERY,OUT_FOR_DELIVERY,2026-09-18T08:07:00.000Z,,4,ANT-FRZ-0006-07,
EV-00018,ANT-FRZ-0007,PICKED_UP,PICKED_UP,2026-09-18T02:59:00.000Z,,0,ANT-FRZ-0007-00,
EV-00019,ANT-FRZ-0008,PICKED_UP,PICKED_UP,2026-09-18T03:16:00.000Z,,0,ANT-FRZ-0008-00,
EV-00020,ANT-FRZ-0008,ARRIVED_HUB,AT_HUB,2026-09-18T05:35:40.165Z,JKT-TMR,1,ANT-FRZ-0008-01,
EV-00021,ANT-FRZ-0008,LEFT_HUB,IN_TRANSIT,2026-09-18T06:48:11.404Z,JKT-TMR,1,ANT-FRZ-0008-02,
EV-00276,ANT-FRZ-0008,ARRIVED_STAGING,AT_STAGING,2026-09-18T08:01:30.991Z,,2,ANT-FRZ-0008-ARRIVED_STAGING-276,STG-JKT-TMR
EV-00022,ANT-FRZ-0008,OUT_FOR_DELIVERY,OUT_FOR_DELIVERY,2026-09-18T08:41:00.000Z,,2,ANT-FRZ-0008-03,
EV-00023,ANT-FRZ-0009,PICKED_UP,PICKED_UP,2026-09-18T03:33:00.000Z,,0,ANT-FRZ-0009-00,
EV-00024,ANT-FRZ-0009,ARRIVED_HUB,AT_HUB,2026-09-18T06:43:00.000Z,JKT-SLT,1,ANT-FRZ-0009-01,
EV-00025,ANT-FRZ-0010,PICKED_UP,PICKED_UP,2026-09-18T01:04:00.000Z,,0,ANT-FRZ-0010-00,
EV-00026,ANT-FRZ-0010,ARRIVED_HUB,AT_HUB,2026-09-18T03:22:11.338Z,TGR,1,ANT-FRZ-0010-01,
EV-00027,ANT-FRZ-0010,LEFT_HUB,IN_TRANSIT,2026-09-18T04:36:24.094Z,TGR,1,ANT-FRZ-0010-02,
EV-00277,ANT-FRZ-0010,ARRIVED_STAGING,AT_STAGING,2026-09-18T05:49:35.432Z,,2,ANT-FRZ-0010-ARRIVED_STAGING-277,STG-TGR
EV-00028,ANT-FRZ-0010,OUT_FOR_DELIVERY,OUT_FOR_DELIVERY,2026-09-18T06:29:00.000Z,,2,ANT-FRZ-0010-03,
EV-00029,ANT-FRZ-0011,PICKED_UP,PICKED_UP,2026-09-18T01:21:00.000Z,,0,ANT-FRZ-0011-00,
EV-00030,ANT-FRZ-0011,ARRIVED_HUB,AT_HUB,2026-09-18T02:34:04.615Z,JKT-PST,1,ANT-FRZ-0011-01,
EV-00031,ANT-FRZ-0011,LEFT_HUB,IN_TRANSIT,2026-09-18T03:13:56.223Z,JKT-PST,1,ANT-FRZ-0011-02,
EV-00032,ANT-FRZ-0011,ARRIVED_HUB,AT_HUB,2026-09-18T04:31:00.000Z,JKT-TMR,2,ANT-FRZ-0011-03,
EV-00033,ANT-FRZ-0012,PICKED_UP,PICKED_UP,2026-09-18T01:38:00.000Z,,0,ANT-FRZ-0012-00,
EV-00034,ANT-FRZ-0012,ARRIVED_HUB,AT_HUB,2026-09-18T03:39:17.185Z,JKT-UTR,1,ANT-FRZ-0012-01,
EV-00035,ANT-FRZ-0012,LEFT_HUB,IN_TRANSIT,2026-09-18T04:46:25.628Z,JKT-UTR,1,ANT-FRZ-0012-02,
EV-00278,ANT-FRZ-0012,ARRIVED_STAGING,AT_STAGING,2026-09-18T05:51:11.125Z,,2,ANT-FRZ-0012-ARRIVED_STAGING-278,STG-JKT-UTR
EV-00036,ANT-FRZ-0012,OUT_FOR_DELIVERY,OUT_FOR_DELIVERY,2026-09-18T06:26:03.316Z,,2,ANT-FRZ-0012-03,
EV-00037,ANT-FRZ-0012,DELIVERED,DELIVERED,2026-09-18T08:49:00.000Z,,3,ANT-FRZ-0012-04,
EV-00038,ANT-FRZ-0013,PICKED_UP,PICKED_UP,2026-09-18T01:55:00.000Z,,0,ANT-FRZ-0013-00,
EV-00039,ANT-FRZ-0013,ARRIVED_HUB,AT_HUB,2026-09-18T05:05:00.000Z,BGR,1,ANT-FRZ-0013-01,
EV-00040,ANT-FRZ-0014,PICKED_UP,PICKED_UP,2026-09-18T02:12:00.000Z,,0,ANT-FRZ-0014-00,
EV-00041,ANT-FRZ-0014,ARRIVED_HUB,AT_HUB,2026-09-18T04:27:55.692Z,BKS,1,ANT-FRZ-0014-01,
EV-00042,ANT-FRZ-0014,LEFT_HUB,IN_TRANSIT,2026-09-18T05:17:08.615Z,BKS,1,ANT-FRZ-0014-02,
EV-00279,ANT-FRZ-0014,ARRIVED_STAGING,AT_STAGING,2026-09-18T06:30:15.814Z,,2,ANT-FRZ-0014-ARRIVED_STAGING-279,STG-BKS
EV-00043,ANT-FRZ-0014,OUT_FOR_DELIVERY,OUT_FOR_DELIVERY,2026-09-18T07:09:38.153Z,,2,ANT-FRZ-0014-03,
EV-00044,ANT-FRZ-0014,DELIVERED,DELIVERED,2026-09-18T09:49:00.000Z,,3,ANT-FRZ-0014-04,
EV-00045,ANT-FRZ-0015,PICKED_UP,PICKED_UP,2026-09-18T02:29:00.000Z,,0,ANT-FRZ-0015-00,
EV-00046,ANT-FRZ-0015,ARRIVED_HUB,AT_HUB,2026-09-18T05:27:27.407Z,JKT-BRT,1,ANT-FRZ-0015-01,
EV-00047,ANT-FRZ-0015,LEFT_HUB,IN_TRANSIT,2026-09-18T06:34:00.000Z,JKT-BRT,1,ANT-FRZ-0015-02,
EV-00048,ANT-FRZ-0016,PICKED_UP,PICKED_UP,2026-09-18T02:46:00.000Z,,0,ANT-FRZ-0016-00,
EV-00049,ANT-FRZ-0016,ARRIVED_HUB,AT_HUB,2026-09-18T03:55:25.558Z,BKS,1,ANT-FRZ-0016-01,
EV-00050,ANT-FRZ-0016,LEFT_HUB,IN_TRANSIT,2026-09-18T04:22:02.356Z,BKS,1,ANT-FRZ-0016-02,
EV-00051,ANT-FRZ-0016,ARRIVED_HUB,AT_HUB,2026-09-18T05:14:06.525Z,TGR,2,ANT-FRZ-0016-03,
EV-00052,ANT-FRZ-0016,LEFT_HUB,IN_TRANSIT,2026-09-18T05:41:52.749Z,TGR,2,ANT-FRZ-0016-04,
EV-00053,ANT-FRZ-0016,ARRIVED_HUB,AT_HUB,2026-09-18T06:37:25.196Z,TGS,3,ANT-FRZ-0016-05,
EV-00054,ANT-FRZ-0016,LEFT_HUB,IN_TRANSIT,2026-09-18T07:06:20.845Z,TGS,3,ANT-FRZ-0016-06,
EV-00280,ANT-FRZ-0016,ARRIVED_STAGING,AT_STAGING,2026-09-18T07:33:25.413Z,,4,ANT-FRZ-0016-ARRIVED_STAGING-280,STG-TGS
EV-00055,ANT-FRZ-0016,OUT_FOR_DELIVERY,OUT_FOR_DELIVERY,2026-09-18T07:48:00.181Z,,4,ANT-FRZ-0016-07,
EV-00056,ANT-FRZ-0016,DELIVERED,DELIVERED,2026-09-18T09:09:00.000Z,,5,ANT-FRZ-0016-08,
EV-00057,ANT-FRZ-0017,PICKED_UP,PICKED_UP,2026-09-18T03:03:00.000Z,,0,ANT-FRZ-0017-00,
EV-00058,ANT-FRZ-0017,ARRIVED_HUB,AT_HUB,2026-09-18T05:58:49.411Z,TGR,1,ANT-FRZ-0017-01,
EV-00059,ANT-FRZ-0017,LEFT_HUB,IN_TRANSIT,2026-09-18T07:08:00.000Z,TGR,1,ANT-FRZ-0017-02,
EV-00060,ANT-FRZ-0018,PICKED_UP,PICKED_UP,2026-09-18T03:20:00.000Z,,0,ANT-FRZ-0018-00,
EV-00061,ANT-FRZ-0018,ARRIVED_HUB,AT_HUB,2026-09-18T05:28:43.248Z,JKT-TMR,1,ANT-FRZ-0018-01,
EV-00062,ANT-FRZ-0018,LEFT_HUB,IN_TRANSIT,2026-09-18T06:20:37.461Z,JKT-TMR,1,ANT-FRZ-0018-02,
EV-00281,ANT-FRZ-0018,ARRIVED_STAGING,AT_STAGING,2026-09-18T07:11:54.303Z,,2,ANT-FRZ-0018-ARRIVED_STAGING-281,STG-JKT-TMR
EV-00063,ANT-FRZ-0018,OUT_FOR_DELIVERY,OUT_FOR_DELIVERY,2026-09-18T07:39:31.065Z,,2,ANT-FRZ-0018-03,
EV-00064,ANT-FRZ-0018,DELIVERED,DELIVERED,2026-09-18T10:09:00.000Z,,3,ANT-FRZ-0018-04,
EV-00065,ANT-FRZ-0019,PICKED_UP,PICKED_UP,2026-09-18T03:37:00.000Z,,0,ANT-FRZ-0019-00,
EV-00066,ANT-FRZ-0019,ARRIVED_HUB,AT_HUB,2026-09-18T06:12:16.901Z,JKT-SLT,1,ANT-FRZ-0019-01,
EV-00067,ANT-FRZ-0019,LEFT_HUB,IN_TRANSIT,2026-09-18T07:42:00.000Z,JKT-SLT,1,ANT-FRZ-0019-02,
EV-00068,ANT-FRZ-0020,PICKED_UP,PICKED_UP,2026-09-18T01:08:00.000Z,,0,ANT-FRZ-0020-00,
EV-00069,ANT-FRZ-0021,PICKED_UP,PICKED_UP,2026-09-18T01:25:00.000Z,,0,ANT-FRZ-0021-00,
EV-00070,ANT-FRZ-0021,ARRIVED_HUB,AT_HUB,2026-09-18T02:13:35.189Z,JKT-PST,1,ANT-FRZ-0021-01,
EV-00071,ANT-FRZ-0021,LEFT_HUB,IN_TRANSIT,2026-09-18T02:42:31.898Z,JKT-PST,1,ANT-FRZ-0021-02,
EV-00072,ANT-FRZ-0021,ARRIVED_HUB,AT_HUB,2026-09-18T03:34:13.164Z,JKT-TMR,2,ANT-FRZ-0021-03,
EV-00073,ANT-FRZ-0021,LEFT_HUB,IN_TRANSIT,2026-09-18T04:04:11.898Z,JKT-TMR,2,ANT-FRZ-0021-04,
EV-00074,ANT-FRZ-0021,ARRIVED_HUB,AT_HUB,2026-09-18T04:58:59.240Z,JKT-SLT,3,ANT-FRZ-0021-05,
EV-00075,ANT-FRZ-0021,LEFT_HUB,IN_TRANSIT,2026-09-18T05:30:00.000Z,JKT-SLT,3,ANT-FRZ-0021-06,
EV-00076,ANT-FRZ-0022,PICKED_UP,PICKED_UP,2026-09-18T01:42:00.000Z,,0,ANT-FRZ-0022-00,
EV-00077,ANT-FRZ-0023,PICKED_UP,PICKED_UP,2026-09-18T01:59:00.000Z,,0,ANT-FRZ-0023-00,
EV-00078,ANT-FRZ-0023,ARRIVED_HUB,AT_HUB,2026-09-18T03:16:40.975Z,BGR,1,ANT-FRZ-0023-01,
EV-00079,ANT-FRZ-0023,LEFT_HUB,IN_TRANSIT,2026-09-18T04:04:14.634Z,BGR,1,ANT-FRZ-0023-02,
EV-00080,ANT-FRZ-0023,ARRIVED_HUB,AT_HUB,2026-09-18T05:26:40.975Z,TGR,2,ANT-FRZ-0023-03,
EV-00081,ANT-FRZ-0023,LEFT_HUB,IN_TRANSIT,2026-09-18T06:15:49.756Z,TGR,2,ANT-FRZ-0023-04,
EV-00282,ANT-FRZ-0023,ARRIVED_STAGING,AT_STAGING,2026-09-18T07:00:08.414Z,,3,ANT-FRZ-0023-ARRIVED_STAGING-282,STG-TGR
EV-00082,ANT-FRZ-0023,OUT_FOR_DELIVERY,OUT_FOR_DELIVERY,2026-09-18T07:24:00.000Z,,3,ANT-FRZ-0023-05,
EV-00083,ANT-FRZ-0024,PICKED_UP,PICKED_UP,2026-09-18T02:16:00.000Z,,0,ANT-FRZ-0024-00,
EV-00084,ANT-FRZ-0025,PICKED_UP,PICKED_UP,2026-09-18T02:33:00.000Z,,0,ANT-FRZ-0025-00,
EV-00085,ANT-FRZ-0025,ARRIVED_HUB,AT_HUB,2026-09-18T03:59:46.806Z,JKT-BRT,1,ANT-FRZ-0025-01,
EV-00086,ANT-FRZ-0025,LEFT_HUB,IN_TRANSIT,2026-09-18T04:33:48.691Z,JKT-BRT,1,ANT-FRZ-0025-02,
EV-00087,ANT-FRZ-0025,ARRIVED_HUB,AT_HUB,2026-09-18T06:05:41.780Z,JKT-TMR,2,ANT-FRZ-0025-03,
EV-00088,ANT-FRZ-0025,LEFT_HUB,IN_TRANSIT,2026-09-18T06:41:25.759Z,JKT-TMR,2,ANT-FRZ-0025-04,
EV-00283,ANT-FRZ-0025,ARRIVED_STAGING,AT_STAGING,2026-09-18T07:31:12.015Z,,3,ANT-FRZ-0025-ARRIVED_STAGING-283,STG-JKT-TMR
EV-00089,ANT-FRZ-0025,OUT_FOR_DELIVERY,OUT_FOR_DELIVERY,2026-09-18T07:58:00.000Z,,3,ANT-FRZ-0025-05,
EV-00090,ANT-FRZ-0026,PICKED_UP,PICKED_UP,2026-09-18T02:50:00.000Z,,0,ANT-FRZ-0026-00,
EV-00091,ANT-FRZ-0026,ARRIVED_HUB,AT_HUB,2026-09-18T04:07:11.250Z,BKS,1,ANT-FRZ-0026-01,
EV-00092,ANT-FRZ-0026,LEFT_HUB,IN_TRANSIT,2026-09-18T04:38:21.562Z,BKS,1,ANT-FRZ-0026-02,
EV-00093,ANT-FRZ-0026,ARRIVED_HUB,AT_HUB,2026-09-18T06:00:00.000Z,TGR,2,ANT-FRZ-0026-03,
EV-00284,ANT-FRZ-0026,LEFT_HUB,IN_TRANSIT,2026-09-18T06:25:00.000Z,TGR,2,ANT-FRZ-0026-LEFT_HUB-284,
EV-00285,ANT-FRZ-0026,ARRIVED_STAGING,AT_STAGING,2026-09-18T07:15:00.000Z,,4,ANT-FRZ-0026-ARRIVED_STAGING-285,STG-TGS
EV-00094,ANT-FRZ-0027,PICKED_UP,PICKED_UP,2026-09-18T03:07:00.000Z,,0,ANT-FRZ-0027-00,
EV-00095,ANT-FRZ-0027,ARRIVED_HUB,AT_HUB,2026-09-18T04:32:41.791Z,TGR,1,ANT-FRZ-0027-01,
EV-00096,ANT-FRZ-0027,LEFT_HUB,IN_TRANSIT,2026-09-18T05:08:16.119Z,TGR,1,ANT-FRZ-0027-02,
EV-00097,ANT-FRZ-0027,ARRIVED_HUB,AT_HUB,2026-09-18T06:38:48.955Z,BGR,2,ANT-FRZ-0027-03,
EV-00098,ANT-FRZ-0027,LEFT_HUB,IN_TRANSIT,2026-09-18T07:16:00.298Z,BGR,2,ANT-FRZ-0027-04,
EV-00286,ANT-FRZ-0027,ARRIVED_STAGING,AT_STAGING,2026-09-18T08:05:24.104Z,,3,ANT-FRZ-0027-ARRIVED_STAGING-286,STG-BGR
EV-00099,ANT-FRZ-0027,OUT_FOR_DELIVERY,OUT_FOR_DELIVERY,2026-09-18T08:32:00.000Z,,3,ANT-FRZ-0027-05,
EV-00100,ANT-FRZ-0028,PICKED_UP,PICKED_UP,2026-09-18T03:24:00.000Z,,0,ANT-FRZ-0028-00,
EV-00101,ANT-FRZ-0028,ARRIVED_HUB,AT_HUB,2026-09-18T06:34:00.000Z,JKT-TMR,1,ANT-FRZ-0028-01,
EV-00287,ANT-FRZ-0028,LEFT_HUB,IN_TRANSIT,2026-09-18T06:59:00.000Z,JKT-TMR,1,ANT-FRZ-0028-LEFT_HUB-287,
EV-00288,ANT-FRZ-0028,ARRIVED_STAGING,AT_STAGING,2026-09-18T07:49:00.000Z,,2,ANT-FRZ-0028-ARRIVED_STAGING-288,STG-JKT-TMR
EV-00102,ANT-FRZ-0029,PICKED_UP,PICKED_UP,2026-09-18T03:41:00.000Z,,0,ANT-FRZ-0029-00,
EV-00103,ANT-FRZ-0029,ARRIVED_HUB,AT_HUB,2026-09-18T05:16:59.073Z,JKT-SLT,1,ANT-FRZ-0029-01,
EV-00104,ANT-FRZ-0029,LEFT_HUB,IN_TRANSIT,2026-09-18T05:58:52.123Z,JKT-SLT,1,ANT-FRZ-0029-02,
EV-00105,ANT-FRZ-0029,ARRIVED_HUB,AT_HUB,2026-09-18T07:40:05.328Z,JKT-PST,2,ANT-FRZ-0029-03,
EV-00106,ANT-FRZ-0029,LEFT_HUB,IN_TRANSIT,2026-09-18T08:23:43.088Z,JKT-PST,2,ANT-FRZ-0029-04,
EV-00289,ANT-FRZ-0029,ARRIVED_STAGING,AT_STAGING,2026-09-18T09:03:25.250Z,,3,ANT-FRZ-0029-ARRIVED_STAGING-289,STG-JKT-PST
EV-00107,ANT-FRZ-0029,OUT_FOR_DELIVERY,OUT_FOR_DELIVERY,2026-09-18T09:24:47.953Z,,3,ANT-FRZ-0029-05,
EV-00108,ANT-FRZ-0029,DELIVERED,DELIVERED,2026-09-18T11:13:00.000Z,,4,ANT-FRZ-0029-06,
EV-00109,ANT-FRZ-0030,PICKED_UP,PICKED_UP,2026-09-18T01:12:00.000Z,,0,ANT-FRZ-0030-00,
EV-00110,ANT-FRZ-0030,ARRIVED_HUB,AT_HUB,2026-09-18T04:22:00.000Z,TGR,1,ANT-FRZ-0030-01,
EV-00290,ANT-FRZ-0030,LEFT_HUB,IN_TRANSIT,2026-09-18T04:47:00.000Z,TGR,1,ANT-FRZ-0030-LEFT_HUB-290,
EV-00291,ANT-FRZ-0030,ARRIVED_STAGING,AT_STAGING,2026-09-18T05:37:00.000Z,,2,ANT-FRZ-0030-ARRIVED_STAGING-291,STG-TGR
EV-00111,ANT-FRZ-0031,PICKED_UP,PICKED_UP,2026-09-18T01:29:00.000Z,,0,ANT-FRZ-0031-00,
EV-00112,ANT-FRZ-0031,ARRIVED_HUB,AT_HUB,2026-09-18T02:31:38.023Z,JKT-PST,1,ANT-FRZ-0031-01,
EV-00113,ANT-FRZ-0031,LEFT_HUB,IN_TRANSIT,2026-09-18T03:00:12.209Z,JKT-PST,1,ANT-FRZ-0031-02,
EV-00114,ANT-FRZ-0031,ARRIVED_HUB,AT_HUB,2026-09-18T04:06:08.023Z,JKT-TMR,2,ANT-FRZ-0031-03,
EV-00115,ANT-FRZ-0031,LEFT_HUB,IN_TRANSIT,2026-09-18T04:35:48.139Z,JKT-TMR,2,ANT-FRZ-0031-04,
EV-00116,ANT-FRZ-0031,ARRIVED_HUB,AT_HUB,2026-09-18T05:25:15.000Z,JKT-SLT,3,ANT-FRZ-0031-05,
EV-00117,ANT-FRZ-0031,LEFT_HUB,IN_TRANSIT,2026-09-18T05:56:01.046Z,JKT-SLT,3,ANT-FRZ-0031-06,
EV-00292,ANT-FRZ-0031,ARRIVED_STAGING,AT_STAGING,2026-09-18T06:22:26.668Z,,4,ANT-FRZ-0031-ARRIVED_STAGING-292,STG-JKT-SLT
EV-00118,ANT-FRZ-0031,OUT_FOR_DELIVERY,OUT_FOR_DELIVERY,2026-09-18T06:36:40.465Z,,4,ANT-FRZ-0031-07,
EV-00119,ANT-FRZ-0031,DELIVERED,DELIVERED,2026-09-18T07:47:00.000Z,,5,ANT-FRZ-0031-08,
EV-00120,ANT-FRZ-0032,PICKED_UP,PICKED_UP,2026-09-18T01:46:00.000Z,,0,ANT-FRZ-0032-00,
EV-00121,ANT-FRZ-0032,ARRIVED_HUB,AT_HUB,2026-09-18T04:56:00.000Z,JKT-UTR,1,ANT-FRZ-0032-01,
EV-00293,ANT-FRZ-0032,LEFT_HUB,IN_TRANSIT,2026-09-18T05:21:00.000Z,JKT-UTR,1,ANT-FRZ-0032-LEFT_HUB-293,
EV-00294,ANT-FRZ-0032,ARRIVED_STAGING,AT_STAGING,2026-09-18T06:11:00.000Z,,2,ANT-FRZ-0032-ARRIVED_STAGING-294,STG-JKT-UTR
EV-00122,ANT-FRZ-0033,PICKED_UP,PICKED_UP,2026-09-18T02:03:00.000Z,,0,ANT-FRZ-0033-00,
EV-00123,ANT-FRZ-0033,ARRIVED_HUB,AT_HUB,2026-09-18T03:27:13.568Z,BGR,1,ANT-FRZ-0033-01,
EV-00124,ANT-FRZ-0033,LEFT_HUB,IN_TRANSIT,2026-09-18T04:07:11.872Z,BGR,1,ANT-FRZ-0033-02,
EV-00125,ANT-FRZ-0033,ARRIVED_HUB,AT_HUB,2026-09-18T05:35:42.402Z,TGR,2,ANT-FRZ-0033-03,
EV-00126,ANT-FRZ-0033,LEFT_HUB,IN_TRANSIT,2026-09-18T06:17:06.360Z,TGR,2,ANT-FRZ-0033-04,
EV-00295,ANT-FRZ-0033,ARRIVED_STAGING,AT_STAGING,2026-09-18T06:53:17.681Z,,3,ANT-FRZ-0033-ARRIVED_STAGING-295,STG-TGR
EV-00127,ANT-FRZ-0033,OUT_FOR_DELIVERY,OUT_FOR_DELIVERY,2026-09-18T07:12:46.855Z,,3,ANT-FRZ-0033-05,
EV-00128,ANT-FRZ-0033,DELIVERED,DELIVERED,2026-09-18T08:47:00.000Z,,4,ANT-FRZ-0033-06,
EV-00129,ANT-FRZ-0034,PICKED_UP,PICKED_UP,2026-09-18T02:20:00.000Z,,0,ANT-FRZ-0034-00,
EV-00130,ANT-FRZ-0034,ARRIVED_HUB,AT_HUB,2026-09-18T05:05:10.112Z,BKS,1,ANT-FRZ-0034-01,
EV-00131,ANT-FRZ-0034,LEFT_HUB,IN_TRANSIT,2026-09-18T06:25:00.000Z,BKS,1,ANT-FRZ-0034-02,
EV-00132,ANT-FRZ-0035,PICKED_UP,PICKED_UP,2026-09-18T02:37:00.000Z,,0,ANT-FRZ-0035-00,
EV-00133,ANT-FRZ-0035,ARRIVED_HUB,AT_HUB,2026-09-18T04:11:41.588Z,JKT-BRT,1,ANT-FRZ-0035-01,
EV-00134,ANT-FRZ-0035,LEFT_HUB,IN_TRANSIT,2026-09-18T04:58:15.812Z,JKT-BRT,1,ANT-FRZ-0035-02,
EV-00135,ANT-FRZ-0035,ARRIVED_HUB,AT_HUB,2026-09-18T06:09:40.288Z,JKT-TMR,2,ANT-FRZ-0035-03,
EV-00136,ANT-FRZ-0035,LEFT_HUB,IN_TRANSIT,2026-09-18T06:57:47.653Z,JKT-TMR,2,ANT-FRZ-0035-04,
EV-00296,ANT-FRZ-0035,ARRIVED_STAGING,AT_STAGING,2026-09-18T07:39:09.854Z,,3,ANT-FRZ-0035-ARRIVED_STAGING-296,STG-JKT-TMR
EV-00137,ANT-FRZ-0035,OUT_FOR_DELIVERY,OUT_FOR_DELIVERY,2026-09-18T08:01:26.425Z,,3,ANT-FRZ-0035-05,
EV-00138,ANT-FRZ-0035,DELIVERED,DELIVERED,2026-09-18T09:47:00.000Z,,4,ANT-FRZ-0035-06,
EV-00139,ANT-FRZ-0036,PICKED_UP,PICKED_UP,2026-09-18T02:54:00.000Z,,0,ANT-FRZ-0036-00,
EV-00140,ANT-FRZ-0036,ARRIVED_HUB,AT_HUB,2026-09-18T03:59:45.454Z,BKS,1,ANT-FRZ-0036-01,
EV-00141,ANT-FRZ-0036,LEFT_HUB,IN_TRANSIT,2026-09-18T04:32:38.181Z,BKS,1,ANT-FRZ-0036-02,
EV-00142,ANT-FRZ-0036,ARRIVED_HUB,AT_HUB,2026-09-18T05:22:29.090Z,TGR,2,ANT-FRZ-0036-03,
EV-00143,ANT-FRZ-0036,LEFT_HUB,IN_TRANSIT,2026-09-18T05:43:41.818Z,TGR,2,ANT-FRZ-0036-04,
EV-00144,ANT-FRZ-0036,ARRIVED_HUB,AT_HUB,2026-09-18T06:36:43.636Z,TGS,3,ANT-FRZ-0036-05,
EV-00145,ANT-FRZ-0036,LEFT_HUB,IN_TRANSIT,2026-09-18T06:59:00.000Z,TGS,3,ANT-FRZ-0036-06,
EV-00146,ANT-FRZ-0037,PICKED_UP,PICKED_UP,2026-09-18T03:11:00.000Z,,0,ANT-FRZ-0037-00,
EV-00147,ANT-FRZ-0038,PICKED_UP,PICKED_UP,2026-09-18T03:28:00.000Z,,0,ANT-FRZ-0038-00,
EV-00148,ANT-FRZ-0038,ARRIVED_HUB,AT_HUB,2026-09-18T06:16:12.537Z,JKT-TMR,1,ANT-FRZ-0038-01,
EV-00149,ANT-FRZ-0038,LEFT_HUB,IN_TRANSIT,2026-09-18T07:33:00.000Z,JKT-TMR,1,ANT-FRZ-0038-02,
EV-00150,ANT-FRZ-0039,PICKED_UP,PICKED_UP,2026-09-18T03:45:00.000Z,,0,ANT-FRZ-0039-00,
EV-00151,ANT-FRZ-0040,PICKED_UP,PICKED_UP,2026-09-18T01:16:00.000Z,,0,ANT-FRZ-0040-00,
EV-00152,ANT-FRZ-0040,ARRIVED_HUB,AT_HUB,2026-09-18T03:29:20.000Z,TGR,1,ANT-FRZ-0040-01,
EV-00153,ANT-FRZ-0040,LEFT_HUB,IN_TRANSIT,2026-09-18T04:33:13.333Z,TGR,1,ANT-FRZ-0040-02,
EV-00297,ANT-FRZ-0040,ARRIVED_STAGING,AT_STAGING,2026-09-18T05:56:16.666Z,,2,ANT-FRZ-0040-ARRIVED_STAGING-297,STG-TGR
EV-00154,ANT-FRZ-0040,OUT_FOR_DELIVERY,OUT_FOR_DELIVERY,2026-09-18T06:41:00.000Z,,2,ANT-FRZ-0040-03,
EV-00155,ANT-FRZ-0041,PICKED_UP,PICKED_UP,2026-09-18T01:33:00.000Z,,0,ANT-FRZ-0041-00,
EV-00156,ANT-FRZ-0042,PICKED_UP,PICKED_UP,2026-09-18T01:50:00.000Z,,0,ANT-FRZ-0042-00,
EV-00157,ANT-FRZ-0042,ARRIVED_HUB,AT_HUB,2026-09-18T04:02:06.829Z,JKT-UTR,1,ANT-FRZ-0042-01,
EV-00158,ANT-FRZ-0042,LEFT_HUB,IN_TRANSIT,2026-09-18T05:08:10.243Z,JKT-UTR,1,ANT-FRZ-0042-02,
EV-00298,ANT-FRZ-0042,ARRIVED_STAGING,AT_STAGING,2026-09-18T06:30:36.585Z,,2,ANT-FRZ-0042-ARRIVED_STAGING-298,STG-JKT-UTR
EV-00159,ANT-FRZ-0042,OUT_FOR_DELIVERY,OUT_FOR_DELIVERY,2026-09-18T07:15:00.000Z,,2,ANT-FRZ-0042-03,
EV-00160,ANT-FRZ-0043,PICKED_UP,PICKED_UP,2026-09-18T02:07:00.000Z,,0,ANT-FRZ-0043-00,
EV-00161,ANT-FRZ-0043,ARRIVED_HUB,AT_HUB,2026-09-18T05:17:00.000Z,BGR,1,ANT-FRZ-0043-01,
EV-00162,ANT-FRZ-0044,PICKED_UP,PICKED_UP,2026-09-18T02:24:00.000Z,,0,ANT-FRZ-0044-00,
EV-00163,ANT-FRZ-0044,ARRIVED_HUB,AT_HUB,2026-09-18T04:50:57.391Z,BKS,1,ANT-FRZ-0044-01,
EV-00164,ANT-FRZ-0044,LEFT_HUB,IN_TRANSIT,2026-09-18T06:07:15.652Z,BKS,1,ANT-FRZ-0044-02,
EV-00299,ANT-FRZ-0044,ARRIVED_STAGING,AT_STAGING,2026-09-18T07:13:23.478Z,,2,ANT-FRZ-0044-ARRIVED_STAGING-299,STG-BKS
EV-00165,ANT-FRZ-0044,OUT_FOR_DELIVERY,OUT_FOR_DELIVERY,2026-09-18T07:49:00.000Z,,2,ANT-FRZ-0044-03,
EV-00166,ANT-FRZ-0045,PICKED_UP,PICKED_UP,2026-09-18T02:41:00.000Z,,0,ANT-FRZ-0045-00,
EV-00167,ANT-FRZ-0045,ARRIVED_HUB,AT_HUB,2026-09-18T05:51:00.000Z,JKT-BRT,1,ANT-FRZ-0045-01,
EV-00168,ANT-FRZ-0046,PICKED_UP,PICKED_UP,2026-09-18T02:58:00.000Z,,0,ANT-FRZ-0046-00,
EV-00169,ANT-FRZ-0046,ARRIVED_HUB,AT_HUB,2026-09-18T03:56:41.739Z,BKS,1,ANT-FRZ-0046-01,
EV-00170,ANT-FRZ-0046,LEFT_HUB,IN_TRANSIT,2026-09-18T04:28:13.043Z,BKS,1,ANT-FRZ-0046-02,
EV-00171,ANT-FRZ-0046,ARRIVED_HUB,AT_HUB,2026-09-18T05:30:10.434Z,TGR,2,ANT-FRZ-0046-03,
EV-00172,ANT-FRZ-0046,LEFT_HUB,IN_TRANSIT,2026-09-18T06:02:46.956Z,TGR,2,ANT-FRZ-0046-04,
EV-00173,ANT-FRZ-0046,ARRIVED_HUB,AT_HUB,2026-09-18T07:08:00.000Z,TGS,3,ANT-FRZ-0046-05,
EV-00174,ANT-FRZ-0046,LEFT_HUB,IN_TRANSIT,2026-09-18T07:41:41.739Z,TGS,3,ANT-FRZ-0046-06,
EV-00300,ANT-FRZ-0046,ARRIVED_STAGING,AT_STAGING,2026-09-18T08:08:32.608Z,,4,ANT-FRZ-0046-ARRIVED_STAGING-300,STG-TGS
EV-00175,ANT-FRZ-0046,OUT_FOR_DELIVERY,OUT_FOR_DELIVERY,2026-09-18T08:23:00.000Z,,4,ANT-FRZ-0046-07,
EV-00176,ANT-FRZ-0047,PICKED_UP,PICKED_UP,2026-09-18T03:15:00.000Z,,0,ANT-FRZ-0047-00,
EV-00177,ANT-FRZ-0047,ARRIVED_HUB,AT_HUB,2026-09-18T06:25:00.000Z,TGR,1,ANT-FRZ-0047-01,
EV-00178,ANT-FRZ-0048,PICKED_UP,PICKED_UP,2026-09-18T03:32:00.000Z,,0,ANT-FRZ-0048-00,
EV-00179,ANT-FRZ-0048,ARRIVED_HUB,AT_HUB,2026-09-18T05:31:29.197Z,JKT-TMR,1,ANT-FRZ-0048-01,
EV-00180,ANT-FRZ-0048,LEFT_HUB,IN_TRANSIT,2026-09-18T06:37:37.860Z,JKT-TMR,1,ANT-FRZ-0048-02,
EV-00301,ANT-FRZ-0048,ARRIVED_STAGING,AT_STAGING,2026-09-18T07:33:06.416Z,,2,ANT-FRZ-0048-ARRIVED_STAGING-301,STG-JKT-TMR
EV-00181,ANT-FRZ-0048,OUT_FOR_DELIVERY,OUT_FOR_DELIVERY,2026-09-18T08:02:58.716Z,,2,ANT-FRZ-0048-03,
EV-00182,ANT-FRZ-0048,DELIVERED,DELIVERED,2026-09-18T10:11:00.000Z,,3,ANT-FRZ-0048-04,
EV-00183,ANT-FRZ-0049,PICKED_UP,PICKED_UP,2026-09-18T01:03:00.000Z,,0,ANT-FRZ-0049-00,
EV-00184,ANT-FRZ-0049,ARRIVED_HUB,AT_HUB,2026-09-18T04:13:00.000Z,JKT-SLT,1,ANT-FRZ-0049-01,
EV-00185,ANT-FRZ-0050,PICKED_UP,PICKED_UP,2026-09-18T01:20:00.000Z,,0,ANT-FRZ-0050-00,
EV-00186,ANT-FRZ-0050,ARRIVED_HUB,AT_HUB,2026-09-18T03:34:41.967Z,TGR,1,ANT-FRZ-0050-01,
EV-00187,ANT-FRZ-0050,LEFT_HUB,IN_TRANSIT,2026-09-18T04:23:28.196Z,TGR,1,ANT-FRZ-0050-02,
EV-00302,ANT-FRZ-0050,ARRIVED_STAGING,AT_STAGING,2026-09-18T05:26:52.294Z,,2,ANT-FRZ-0050-ARRIVED_STAGING-302,STG-TGR
EV-00188,ANT-FRZ-0050,OUT_FOR_DELIVERY,OUT_FOR_DELIVERY,2026-09-18T06:01:00.655Z,,2,ANT-FRZ-0050-03,
EV-00189,ANT-FRZ-0050,DELIVERED,DELIVERED,2026-09-18T08:25:00.000Z,,3,ANT-FRZ-0050-04,
EV-00190,ANT-FRZ-0051,PICKED_UP,PICKED_UP,2026-09-18T01:37:00.000Z,,0,ANT-FRZ-0051-00,
EV-00191,ANT-FRZ-0051,ARRIVED_HUB,AT_HUB,2026-09-18T02:37:59.493Z,JKT-PST,1,ANT-FRZ-0051-01,
EV-00192,ANT-FRZ-0051,LEFT_HUB,IN_TRANSIT,2026-09-18T03:00:44.050Z,JKT-PST,1,ANT-FRZ-0051-02,
EV-00193,ANT-FRZ-0051,ARRIVED_HUB,AT_HUB,2026-09-18T04:04:49.620Z,JKT-TMR,2,ANT-FRZ-0051-03,
EV-00194,ANT-FRZ-0051,LEFT_HUB,IN_TRANSIT,2026-09-18T04:28:36.202Z,JKT-TMR,2,ANT-FRZ-0051-04,
EV-00195,ANT-FRZ-0051,ARRIVED_HUB,AT_HUB,2026-09-18T05:17:11.392Z,JKT-SLT,3,ANT-FRZ-0051-05,
EV-00196,ANT-FRZ-0051,LEFT_HUB,IN_TRANSIT,2026-09-18T05:42:00.000Z,JKT-SLT,3,ANT-FRZ-0051-06,
EV-00197,ANT-FRZ-0052,PICKED_UP,PICKED_UP,2026-09-18T01:54:00.000Z,,0,ANT-FRZ-0052-00,
EV-00198,ANT-FRZ-0052,ARRIVED_HUB,AT_HUB,2026-09-18T04:15:40.523Z,JKT-UTR,1,ANT-FRZ-0052-01,
EV-00199,ANT-FRZ-0052,LEFT_HUB,IN_TRANSIT,2026-09-18T05:09:59.057Z,JKT-UTR,1,ANT-FRZ-0052-02,
EV-00303,ANT-FRZ-0052,ARRIVED_STAGING,AT_STAGING,2026-09-18T06:17:30.973Z,,2,ANT-FRZ-0052-ARRIVED_STAGING-303,STG-JKT-UTR
EV-00200,ANT-FRZ-0052,OUT_FOR_DELIVERY,OUT_FOR_DELIVERY,2026-09-18T06:53:52.774Z,,2,ANT-FRZ-0052-03,
EV-00201,ANT-FRZ-0052,DELIVERED,DELIVERED,2026-09-18T09:25:00.000Z,,3,ANT-FRZ-0052-04,
EV-00202,ANT-FRZ-0053,PICKED_UP,PICKED_UP,2026-09-18T02:11:00.000Z,,0,ANT-FRZ-0053-00,
EV-00203,ANT-FRZ-0053,ARRIVED_HUB,AT_HUB,2026-09-18T05:06:49.411Z,BGR,1,ANT-FRZ-0053-01,
EV-00204,ANT-FRZ-0053,LEFT_HUB,IN_TRANSIT,2026-09-18T06:16:00.000Z,BGR,1,ANT-FRZ-0053-02,
EV-00205,ANT-FRZ-0054,PICKED_UP,PICKED_UP,2026-09-18T02:28:00.000Z,,0,ANT-FRZ-0054-00,
EV-00206,ANT-FRZ-0055,PICKED_UP,PICKED_UP,2026-09-18T02:45:00.000Z,,0,ANT-FRZ-0055-00,
EV-00207,ANT-FRZ-0055,ARRIVED_HUB,AT_HUB,2026-09-18T05:20:16.901Z,JKT-BRT,1,ANT-FRZ-0055-01,
EV-00208,ANT-FRZ-0055,LEFT_HUB,IN_TRANSIT,2026-09-18T06:50:00.000Z,JKT-BRT,1,ANT-FRZ-0055-02,
EV-00209,ANT-FRZ-0056,PICKED_UP,PICKED_UP,2026-09-18T03:02:00.000Z,,0,ANT-FRZ-0056-00,
EV-00210,ANT-FRZ-0057,PICKED_UP,PICKED_UP,2026-09-18T03:19:00.000Z,,0,ANT-FRZ-0057-00,
EV-00211,ANT-FRZ-0057,ARRIVED_HUB,AT_HUB,2026-09-18T04:39:49.206Z,TGR,1,ANT-FRZ-0057-01,
EV-00212,ANT-FRZ-0057,LEFT_HUB,IN_TRANSIT,2026-09-18T05:27:58.095Z,TGR,1,ANT-FRZ-0057-02,
EV-00213,ANT-FRZ-0057,ARRIVED_HUB,AT_HUB,2026-09-18T06:53:56.825Z,BGR,2,ANT-FRZ-0057-03,
EV-00214,ANT-FRZ-0057,LEFT_HUB,IN_TRANSIT,2026-09-18T07:43:48.888Z,BGR,2,ANT-FRZ-0057-04,
EV-00304,ANT-FRZ-0057,ARRIVED_STAGING,AT_STAGING,2026-09-18T08:22:56.110Z,,3,ANT-FRZ-0057-ARRIVED_STAGING-304,STG-BGR
EV-00215,ANT-FRZ-0057,OUT_FOR_DELIVERY,OUT_FOR_DELIVERY,2026-09-18T08:44:00.000Z,,3,ANT-FRZ-0057-05,
EV-00216,ANT-FRZ-0058,PICKED_UP,PICKED_UP,2026-09-18T03:36:00.000Z,,0,ANT-FRZ-0058-00,
EV-00217,ANT-FRZ-0059,PICKED_UP,PICKED_UP,2026-09-18T01:07:00.000Z,,0,ANT-FRZ-0059-00,
EV-00218,ANT-FRZ-0059,ARRIVED_HUB,AT_HUB,2026-09-18T02:27:01.507Z,JKT-SLT,1,ANT-FRZ-0059-01,
EV-00219,ANT-FRZ-0059,LEFT_HUB,IN_TRANSIT,2026-09-18T03:16:01.206Z,JKT-SLT,1,ANT-FRZ-0059-02,
EV-00220,ANT-FRZ-0059,ARRIVED_HUB,AT_HUB,2026-09-18T04:40:56.683Z,JKT-PST,2,ANT-FRZ-0059-03,
EV-00221,ANT-FRZ-0059,LEFT_HUB,IN_TRANSIT,2026-09-18T05:31:34.371Z,JKT-PST,2,ANT-FRZ-0059-04,
EV-00305,ANT-FRZ-0059,ARRIVED_STAGING,AT_STAGING,2026-09-18T06:10:51.029Z,,3,ANT-FRZ-0059-ARRIVED_STAGING-305,STG-JKT-PST
EV-00222,ANT-FRZ-0059,OUT_FOR_DELIVERY,OUT_FOR_DELIVERY,2026-09-18T06:32:00.000Z,,3,ANT-FRZ-0059-05,
EV-00223,ANT-FRZ-0060,PICKED_UP,PICKED_UP,2026-09-18T01:24:00.000Z,,0,ANT-FRZ-0060-00,
EV-00224,ANT-FRZ-0061,PICKED_UP,PICKED_UP,2026-09-18T01:41:00.000Z,,0,ANT-FRZ-0061-00,
EV-00225,ANT-FRZ-0061,ARRIVED_HUB,AT_HUB,2026-09-18T02:43:47.045Z,JKT-PST,1,ANT-FRZ-0061-01,
EV-00226,ANT-FRZ-0061,LEFT_HUB,IN_TRANSIT,2026-09-18T03:08:24.318Z,JKT-PST,1,ANT-FRZ-0061-02,
EV-00227,ANT-FRZ-0061,ARRIVED_HUB,AT_HUB,2026-09-18T04:14:52.954Z,JKT-TMR,2,ANT-FRZ-0061-03,
EV-00228,ANT-FRZ-0061,LEFT_HUB,IN_TRANSIT,2026-09-18T04:40:44.090Z,JKT-TMR,2,ANT-FRZ-0061-04,
EV-00229,ANT-FRZ-0061,ARRIVED_HUB,AT_HUB,2026-09-18T05:50:54.318Z,JKT-SLT,3,ANT-FRZ-0061-05,
EV-00230,ANT-FRZ-0061,LEFT_HUB,IN_TRANSIT,2026-09-18T06:17:59.318Z,JKT-SLT,3,ANT-FRZ-0061-06,
EV-00306,ANT-FRZ-0061,ARRIVED_STAGING,AT_STAGING,2026-09-18T06:49:11.761Z,,4,ANT-FRZ-0061-ARRIVED_STAGING-306,STG-JKT-SLT
EV-00231,ANT-FRZ-0061,OUT_FOR_DELIVERY,OUT_FOR_DELIVERY,2026-09-18T07:06:00.000Z,,4,ANT-FRZ-0061-07,
EV-00232,ANT-FRZ-0062,PICKED_UP,PICKED_UP,2026-09-18T01:58:00.000Z,,0,ANT-FRZ-0062-00,
EV-00233,ANT-FRZ-0062,ARRIVED_HUB,AT_HUB,2026-09-18T05:08:00.000Z,JKT-UTR,1,ANT-FRZ-0062-01,
EV-00307,ANT-FRZ-0062,LEFT_HUB,IN_TRANSIT,2026-09-18T05:33:00.000Z,JKT-UTR,1,ANT-FRZ-0062-LEFT_HUB-307,
EV-00308,ANT-FRZ-0062,ARRIVED_STAGING,AT_STAGING,2026-09-18T06:23:00.000Z,,2,ANT-FRZ-0062-ARRIVED_STAGING-308,STG-JKT-UTR
EV-00234,ANT-FRZ-0063,PICKED_UP,PICKED_UP,2026-09-18T02:15:00.000Z,,0,ANT-FRZ-0063-00,
EV-00235,ANT-FRZ-0063,ARRIVED_HUB,AT_HUB,2026-09-18T03:43:20.000Z,BGR,1,ANT-FRZ-0063-01,
EV-00236,ANT-FRZ-0063,LEFT_HUB,IN_TRANSIT,2026-09-18T04:20:00.000Z,BGR,1,ANT-FRZ-0063-02,
EV-00237,ANT-FRZ-0063,ARRIVED_HUB,AT_HUB,2026-09-18T05:53:20.000Z,TGR,2,ANT-FRZ-0063-03,
EV-00238,ANT-FRZ-0063,LEFT_HUB,IN_TRANSIT,2026-09-18T06:31:40.000Z,TGR,2,ANT-FRZ-0063-04,
EV-00309,ANT-FRZ-0063,ARRIVED_STAGING,AT_STAGING,2026-09-18T07:16:05.000Z,,3,ANT-FRZ-0063-ARRIVED_STAGING-309,STG-TGR
EV-00239,ANT-FRZ-0063,OUT_FOR_DELIVERY,OUT_FOR_DELIVERY,2026-09-18T07:40:00.000Z,,3,ANT-FRZ-0063-05,
EV-00240,ANT-FRZ-0064,PICKED_UP,PICKED_UP,2026-09-18T02:32:00.000Z,,0,ANT-FRZ-0064-00,
EV-00241,ANT-FRZ-0064,ARRIVED_HUB,AT_HUB,2026-09-18T05:42:00.000Z,BKS,1,ANT-FRZ-0064-01,
EV-00310,ANT-FRZ-0064,LEFT_HUB,IN_TRANSIT,2026-09-18T06:07:00.000Z,BKS,1,ANT-FRZ-0064-LEFT_HUB-310,
EV-00311,ANT-FRZ-0064,ARRIVED_STAGING,AT_STAGING,2026-09-18T06:57:00.000Z,,2,ANT-FRZ-0064-ARRIVED_STAGING-311,STG-BKS
EV-00242,ANT-FRZ-0065,PICKED_UP,PICKED_UP,2026-09-18T02:49:00.000Z,,0,ANT-FRZ-0065-00,
EV-00243,ANT-FRZ-0065,ARRIVED_HUB,AT_HUB,2026-09-18T04:17:30.344Z,JKT-BRT,1,ANT-FRZ-0065-01,
EV-00244,ANT-FRZ-0065,LEFT_HUB,IN_TRANSIT,2026-09-18T04:56:07.586Z,JKT-BRT,1,ANT-FRZ-0065-02,
EV-00245,ANT-FRZ-0065,ARRIVED_HUB,AT_HUB,2026-09-18T06:29:27.586Z,JKT-TMR,2,ANT-FRZ-0065-03,
EV-00246,ANT-FRZ-0065,LEFT_HUB,IN_TRANSIT,2026-09-18T07:09:41.379Z,JKT-TMR,2,ANT-FRZ-0065-04,
EV-00312,ANT-FRZ-0065,ARRIVED_STAGING,AT_STAGING,2026-09-18T07:54:39.999Z,,3,ANT-FRZ-0065-ARRIVED_STAGING-312,STG-JKT-TMR
EV-00247,ANT-FRZ-0065,OUT_FOR_DELIVERY,OUT_FOR_DELIVERY,2026-09-18T08:18:53.103Z,,3,ANT-FRZ-0065-05,
EV-00248,ANT-FRZ-0065,DELIVERED,DELIVERED,2026-09-18T09:49:00.000Z,,4,ANT-FRZ-0065-06,
EV-00249,ANT-FRZ-0066,PICKED_UP,PICKED_UP,2026-09-18T03:06:00.000Z,,0,ANT-FRZ-0066-00,
EV-00250,ANT-FRZ-0066,ARRIVED_HUB,AT_HUB,2026-09-18T03:52:40.000Z,BKS,1,ANT-FRZ-0066-01,
EV-00251,ANT-FRZ-0066,LEFT_HUB,IN_TRANSIT,2026-09-18T04:13:30.000Z,BKS,1,ANT-FRZ-0066-02,
EV-00252,ANT-FRZ-0066,ARRIVED_HUB,AT_HUB,2026-09-18T05:02:40.000Z,TGR,2,ANT-FRZ-0066-03,
EV-00253,ANT-FRZ-0066,LEFT_HUB,IN_TRANSIT,2026-09-18T05:24:20.000Z,TGR,2,ANT-FRZ-0066-04,
EV-00254,ANT-FRZ-0066,ARRIVED_HUB,AT_HUB,2026-09-18T06:16:00.000Z,TGS,3,ANT-FRZ-0066-05,
EV-00313,ANT-FRZ-0066,LEFT_HUB,IN_TRANSIT,2026-09-18T06:41:00.000Z,TGS,3,ANT-FRZ-0066-LEFT_HUB-313,
EV-00314,ANT-FRZ-0066,ARRIVED_STAGING,AT_STAGING,2026-09-18T07:31:00.000Z,,4,ANT-FRZ-0066-ARRIVED_STAGING-314,STG-TGS
EV-00255,ANT-FRZ-0067,PICKED_UP,PICKED_UP,2026-09-18T03:23:00.000Z,,0,ANT-FRZ-0067-00,
EV-00256,ANT-FRZ-0067,ARRIVED_HUB,AT_HUB,2026-09-18T04:56:07.252Z,TGR,1,ANT-FRZ-0067-01,
EV-00257,ANT-FRZ-0067,LEFT_HUB,IN_TRANSIT,2026-09-18T05:38:35.824Z,TGR,1,ANT-FRZ-0067-02,
EV-00258,ANT-FRZ-0067,ARRIVED_HUB,AT_HUB,2026-09-18T07:16:37.142Z,BGR,2,ANT-FRZ-0067-03,
EV-00259,ANT-FRZ-0067,LEFT_HUB,IN_TRANSIT,2026-09-18T08:00:43.736Z,BGR,2,ANT-FRZ-0067-04,
EV-00315,ANT-FRZ-0067,ARRIVED_STAGING,AT_STAGING,2026-09-18T08:48:30.878Z,,3,ANT-FRZ-0067-ARRIVED_STAGING-315,STG-BGR
EV-00260,ANT-FRZ-0067,OUT_FOR_DELIVERY,OUT_FOR_DELIVERY,2026-09-18T09:14:14.725Z,,3,ANT-FRZ-0067-05,
EV-00261,ANT-FRZ-0067,DELIVERED,DELIVERED,2026-09-18T10:49:00.000Z,,4,ANT-FRZ-0067-06,
EV-00262,ANT-FRZ-0068,PICKED_UP,PICKED_UP,2026-09-18T03:40:00.000Z,,0,ANT-FRZ-0068-00,
EV-00263,ANT-FRZ-0068,ARRIVED_HUB,AT_HUB,2026-09-18T06:27:10.588Z,JKT-TMR,1,ANT-FRZ-0068-01,
EV-00264,ANT-FRZ-0068,LEFT_HUB,IN_TRANSIT,2026-09-18T07:45:00.000Z,JKT-TMR,1,ANT-FRZ-0068-02,
EV-00265,ANT-FRZ-0069,PICKED_UP,PICKED_UP,2026-09-18T01:11:00.000Z,,0,ANT-FRZ-0069-00,
EV-00266,ANT-FRZ-0069,ARRIVED_HUB,AT_HUB,2026-09-18T02:48:42.736Z,JKT-SLT,1,ANT-FRZ-0069-01,
EV-00267,ANT-FRZ-0069,LEFT_HUB,IN_TRANSIT,2026-09-18T03:35:05.052Z,JKT-SLT,1,ANT-FRZ-0069-02,
EV-00268,ANT-FRZ-0069,ARRIVED_HUB,AT_HUB,2026-09-18T05:17:45.894Z,JKT-PST,2,ANT-FRZ-0069-03,
EV-00269,ANT-FRZ-0069,LEFT_HUB,IN_TRANSIT,2026-09-18T06:05:47.578Z,JKT-PST,2,ANT-FRZ-0069-04,
EV-00316,ANT-FRZ-0069,ARRIVED_STAGING,AT_STAGING,2026-09-18T06:56:23.283Z,,3,ANT-FRZ-0069-ARRIVED_STAGING-316,STG-JKT-PST
EV-00270,ANT-FRZ-0069,OUT_FOR_DELIVERY,OUT_FOR_DELIVERY,2026-09-18T07:23:37.894Z,,3,ANT-FRZ-0069-05,
EV-00271,ANT-FRZ-0069,DELIVERED,DELIVERED,2026-09-18T09:03:00.000Z,,4,ANT-FRZ-0069-06,
EV-00272,ANT-FRZ-0070,PICKED_UP,PICKED_UP,2026-09-18T01:28:00.000Z,,0,ANT-FRZ-0070-00,
EV-00273,ANT-FRZ-0070,ARRIVED_HUB,AT_HUB,2026-09-18T04:13:10.112Z,TGR,1,ANT-FRZ-0070-01,
EV-00274,ANT-FRZ-0070,LEFT_HUB,IN_TRANSIT,2026-09-18T05:33:00.000Z,TGR,1,ANT-FRZ-0070-02,
