event_id,courier_code,receipt_type,received_by_name,placement_note,confirmed_at
EV-00001,SAT-001,,,,
EV-00002,SAT-001,,,,
EV-00005,SAT-003,,,,
EV-00006,SAT-004,,,,
EV-00009,SAT-001,,,,
EV-00010,SAT-002,,,,
EV-00017,SAT-003,,,,
EV-00018,SAT-003,,,,
EV-00019,SAT-004,,,,
EV-00022,SAT-002,,,,
EV-00023,SAT-004,,,,
EV-00025,SAT-002,,,,
EV-00028,SAT-004,,,,
EV-00029,SAT-003,,,,
EV-00033,SAT-001,,,,
EV-00036,SAT-003,,,,
EV-00037,SAT-003,RECIPIENT,Sinta Wijaya,Diterima langsung oleh penerima,2026-09-18T08:49:00.000Z
EV-00038,SAT-001,,,,
EV-00040,SAT-002,,,,
EV-00043,SAT-004,,,,
EV-00044,SAT-004,SECURITY,Bapak Arif,Diterima petugas keamanan dan ditempatkan di area penerimaan,2026-09-18T09:49:00.000Z
EV-00045,SAT-003,,,,
EV-00048,SAT-004,,,,
EV-00055,SAT-002,,,,
EV-00056,SAT-002,RECIPIENT,Farah Wijaya,Diterima langsung oleh penerima,2026-09-18T09:09:00.000Z
EV-00057,SAT-001,,,,
EV-00060,SAT-002,,,,
EV-00063,SAT-004,,,,
EV-00064,SAT-004,SECURITY,Petugas keamanan,Diterima petugas keamanan di area penerimaan,2026-09-18T10:09:00.000Z
EV-00065,SAT-003,,,,
EV-00068,SAT-004,,,,
EV-00069,SAT-001,,,,
EV-00076,SAT-002,,,,
EV-00077,SAT-003,,,,
EV-00082,SAT-001,,,,
EV-00083,SAT-004,,,,
EV-00084,SAT-001,,,,
EV-00089,SAT-003,,,,
EV-00090,SAT-002,,,,
EV-00094,SAT-003,,,,
EV-00099,SAT-001,,,,
EV-00100,SAT-004,,,,
EV-00102,SAT-001,,,,
EV-00107,SAT-003,,,,
EV-00108,SAT-003,RECIPIENT,Indra Saputri,Diterima langsung oleh penerima,2026-09-18T11:13:00.000Z
EV-00109,SAT-002,,,,
EV-00111,SAT-003,,,,
EV-00118,SAT-001,,,,
EV-00119,SAT-001,RECIPIENT,Ayu Permata,Diterima langsung oleh penerima,2026-09-18T07:47:00.000Z
EV-00120,SAT-004,,,,
EV-00122,SAT-001,,,,
EV-00127,SAT-003,,,,
EV-00128,SAT-003,SECURITY,Petugas keamanan,Diterima petugas keamanan di area penerimaan,2026-09-18T08:47:00.000Z
EV-00129,SAT-002,,,,
EV-00132,SAT-003,,,,
EV-00137,SAT-001,,,,
EV-00138,SAT-001,RECIPIENT,Eka Permata,Diterima langsung oleh penerima,2026-09-18T09:47:00.000Z
EV-00139,SAT-004,,,,
EV-00146,SAT-001,,,,
EV-00147,SAT-002,,,,
EV-00150,SAT-003,,,,
EV-00151,SAT-004,,,,
EV-00154,SAT-002,,,,
EV-00155,SAT-001,,,,
EV-00156,SAT-002,,,,
EV-00159,SAT-004,,,,
EV-00160,SAT-003,,,,
EV-00162,SAT-004,,,,
EV-00165,SAT-002,,,,
EV-00166,SAT-001,,,,
EV-00168,SAT-002,,,,
EV-00175,SAT-004,,,,
EV-00176,SAT-003,,,,
EV-00178,SAT-004,,,,
EV-00181,SAT-002,,,,
EV-00182,SAT-002,SECURITY,Petugas keamanan,Diterima petugas keamanan di area penerimaan,2026-09-18T10:11:00.000Z
EV-00183,SAT-001,,,,
EV-00185,SAT-002,,,,
EV-00188,SAT-004,,,,
EV-00189,SAT-004,RECIPIENT,Jelita Kurniawan,Diterima langsung oleh penerima,2026-09-18T08:25:00.000Z
EV-00190,SAT-003,,,,
EV-00197,SAT-004,,,,
EV-00200,SAT-002,,,,
EV-00201,SAT-002,RECIPIENT,Bima Lestari,Diterima langsung oleh penerima,2026-09-18T09:25:00.000Z
EV-00202,SAT-001,,,,
EV-00205,SAT-002,,,,
EV-00206,SAT-003,,,,
EV-00209,SAT-004,,,,
EV-00210,SAT-001,,,,
EV-00215,SAT-003,,,,
EV-00216,SAT-002,,,,
EV-00217,SAT-003,,,,
EV-00222,SAT-001,,,,
EV-00223,SAT-004,,,,
EV-00224,SAT-001,,,,
EV-00231,SAT-003,,,,
EV-00232,SAT-002,,,,
EV-00234,SAT-003,,,,
EV-00239,SAT-001,,,,
EV-00240,SAT-004,,,,
EV-00242,SAT-001,,,,
EV-00247,SAT-003,,,,
EV-00248,SAT-003,RECIPIENT,Eka Rahmani,Diterima langsung oleh penerima,2026-09-18T09:49:00.000Z
EV-00249,SAT-002,,,,
EV-00255,SAT-003,,,,
EV-00260,SAT-001,,,,
EV-00261,SAT-001,RECIPIENT,Gilang Rahmani,Diterima langsung oleh penerima,2026-09-18T10:49:00.000Z
EV-00262,SAT-004,,,,
EV-00265,SAT-001,,,,
EV-00270,SAT-003,,,,
EV-00271,SAT-003,SECURITY,Petugas keamanan,Diterima petugas keamanan di area penerimaan,2026-09-18T09:03:00.000Z
EV-00272,SAT-002,,,,
