tracking_number,courier,weight_kg,distance_km,promised_hours,actual_hours,delay_hours
ANT0140,Sari,2.3,50.4,19,26.3,7.3
ANT0066,Andi,2.8,14.9,10,13.1,3.1
ANT0096,Budi,3.0,26.0,12,17.2,5.2
ANT0023,Dedi,3.1,13.6,9,10.3,1.3
ANT0064,Andi,2.0,11.5,9,10.8,1.8
ANT0047,Andi,1.7,4.1,7,7.8,0.8
ANT0098,Budi,2.1,20.0,11,13.4,2.4
ANT0012,Dedi,3.9,13.1,9,10.9,1.9
ANT0003,Dedi,2.1,12.3,9,9.9,0.9
ANT0083,Andi,2.7,9.3,8,8.6,0.6
ANT0025,Dedi,4.0,11.3,9,10.1,1.1
ANT0103,Budi,3.6,23.6,12,15.4,3.4
ANT0097,Budi,2.8,21.8,11,14.1,3.1
ANT0075,Andi,1.3,11.7,9,10.7,1.7
ANT0116,Budi,0.9,21.8,11,14.7,3.7
ANT0166,Sari,3.0,14.6,10,12.6,2.6
ANT0161,Sari,3.7,46.7,18,26.7,8.7
ANT0174,Sari,1.0,11.8,9,11.5,2.5
ANT0086,Andi,5.9,13.9,9,12.3,3.3
ANT0110,Budi,1.1,7.3,8,8.9,0.9
ANT0133,Budi,2.0,19.4,11,13.8,2.8
ANT0204,Citra,3.9,34.6,15,22.1,7.1
ANT0081,Andi,3.0,12.4,9,10.3,1.3
ANT0198,Citra,1.8,22.2,12,16.9,4.9
ANT0118,Budi,9.3,15.4,10,13.4,3.4
ANT0155,Sari,3.2,45.6,17,24.5,7.5
ANT0203,Citra,4.7,32.9,14,20.7,6.7
ANT0165,Sari,3.9,35.3,15,20.8,5.8
ANT0100,Budi,2.2,30.5,14,19.0,5.0
ANT0089,Budi,1.9,28.8,13,18.3,5.3
ANT0218,Citra,2.8,50.2,19,28.6,9.6
ANT0105,Budi,3.8,30.3,14,17.1,3.1
ANT0061,Andi,3.3,4.2,7,8.1,1.1
ANT0129,Budi,2.2,22.1,12,15.4,3.4
ANT0102,Budi,4.9,20.2,11,14.8,3.8
ANT0220,Citra,3.5,58.6,21,30.8,9.8
ANT0079,Andi,2.3,8.0,8,9.7,1.7
ANT0058,Andi,3.6,10.9,9,11.7,2.7
ANT0117,Budi,2.3,15.5,10,12.6,2.6
ANT0010,Dedi,2.9,7.4,8,21.7,13.7
ANT0095,Budi,3.9,16.8,10,12.9,2.9
ANT0139,Sari,4.9,22.8,12,15.7,3.7
ANT0107,Budi,4.6,18.2,11,12.8,1.8
ANT0134,Sari,2.8,25.4,12,14.8,2.8
ANT0126,Budi,4.3,20.0,11,13.6,2.6
ANT0206,Citra,3.8,53.4,19,28.8,9.8
ANT0067,Andi,7.9,9.5,8,9.2,1.2
ANT0170,Sari,3.3,29.5,13,16.9,3.9
ANT0015,Dedi,2.2,7.3,8,8.0,0.0
ANT0028,Dedi,2.2,2.5,7,7.0,0.0
ANT0041,Dedi,3.5,7.2,8,9.2,1.2
ANT0046,Andi,6.6,13.8,9,10.3,1.3
ANT0154,Sari,2.1,35.3,15,21.0,6.0
ANT0032,Dedi,1.7,13.6,9,9.9,0.9
ANT0169,Sari,3.6,33.1,14,19.4,5.4
ANT0132,Budi,2.0,26.0,12,16.5,4.5
ANT0033,Dedi,1.8,5.9,7,7.7,0.7
ANT0014,Dedi,2.5,11.9,9,9.7,0.7
ANT0130,Budi,4.5,22.3,12,15.1,3.1
ANT0175,Sari,4.8,21.1,11,14.7,3.7
ANT0142,Sari,3.9,24.6,12,22.1,10.1
ANT0029,Dedi,4.2,3.9,7,7.9,0.9
ANT0019,Dedi,1.9,11.9,9,10.4,1.4
ANT0208,Citra,4.0,62.0,22,32.6,10.6
ANT0122,Budi,1.3,5.0,7,7.4,0.4
ANT0016,Dedi,2.0,4.7,7,7.0,0.0
ANT0099,Budi,3.5,8.1,8,9.0,1.0
ANT0059,Andi,4.7,12.1,9,11.4,2.4
ANT0037,Dedi,2.2,3.6,7,8.5,1.5
ANT0163,Sari,2.1,45.4,17,24.4,7.4
ANT0196,Citra,3.5,22.4,12,16.4,4.4
ANT0052,Andi,2.7,9.8,8,9.5,1.5
ANT0188,Citra,2.7,17.7,10,14.0,4.0
ANT0164,Sari,1.8,18.3,11,14.9,3.9
ANT0214,Citra,3.8,23.2,12,17.1,5.1
ANT0219,Citra,9.1,57.4,20,30.6,10.6
ANT0148,Sari,3.0,23.5,12,16.5,4.5
ANT0162,Sari,4.6,50.6,19,28.2,9.2
ANT0106,Budi,2.4,8.2,8,8.7,0.7
ANT0151,Sari,1.5,17.0,10,13.6,3.6
ANT0038,Dedi,3.0,7.7,8,8.9,0.9
ANT0211,Citra,0.7,19.1,11,16.2,5.2
ANT0085,Andi,3.0,5.8,7,8.2,1.2
ANT0216,Citra,2.4,36.9,15,22.0,7.0
ANT0109,Budi,2.5,17.3,10,12.8,2.8
ANT0050,Andi,3.5,8.4,8,10.0,2.0
ANT0121,Budi,3.6,12.9,9,11.0,2.0
ANT0006,Dedi,3.2,13.7,9,11.0,2.0
ANT0018,Dedi,5.8,2.8,7,7.0,0.0
ANT0149,Sari,2.7,20.9,11,14.9,3.9
ANT0185,Citra,2.9,64.2,22,40.0,18.0
ANT0195,Citra,6.7,41.7,16,24.8,8.8
ANT0114,Budi,2.1,16.0,10,11.7,1.7
ANT0087,Andi,0.9,15.1,10,12.7,2.7
ANT0063,Andi,2.9,17.5,10,12.6,2.6
ANT0065,Andi,3.4,16.9,10,12.3,2.3
ANT0027,Dedi,2.4,7.6,8,9.6,1.6
ANT0135,Sari,5.1,28.9,13,18.0,5.0
ANT0042,Dedi,2.1,12.0,9,11.6,2.6
ANT0053,Andi,1.5,12.6,9,10.2,1.2
ANT0191,Citra,3.4,42.2,17,24.9,7.9
ANT0082,Andi,2.6,15.9,10,25.9,15.9
ANT0008,Dedi,3.2,11.4,9,11.0,2.0
ANT0092,Budi,3.1,6.6,8,8.8,0.8
ANT0192,Citra,3.0,18.9,11,15.6,4.6
ANT0146,Sari,4.3,36.6,15,21.8,6.8
ANT0071,Andi,1.8,15.3,10,12.9,2.9
ANT0183,Citra,2.5,58.7,21,31.2,10.2
ANT0193,Citra,4.1,57.1,20,29.5,9.5
ANT0009,Dedi,3.9,3.5,7,8.0,1.0
ANT0115,Budi,1.6,21.1,11,14.7,3.7
ANT0080,Andi,3.2,8.8,8,9.0,1.0
ANT0205,Citra,5.6,52.8,19,27.6,8.6
ANT0141,Sari,2.0,20.6,11,14.3,3.3
ANT0030,Dedi,2.6,10.2,9,10.6,1.6
ANT0004,Dedi,3.2,10.4,9,10.8,1.8
ANT0040,Dedi,2.5,10.0,8,9.5,1.5
ANT0051,Andi,2.3,6.8,8,8.9,0.9
ANT0078,Andi,1.7,8.6,8,10.4,2.4
ANT0180,Citra,5.7,26.9,13,18.7,5.7
ANT0112,Budi,5.5,11.8,9,11.0,2.0
ANT0127,Budi,3.5,19.8,11,14.1,3.1
ANT0055,Andi,2.5,6.6,8,10.0,2.0
ANT0123,Budi,2.5,15.7,10,11.9,1.9
ANT0091,Budi,10.1,8.8,8,11.0,3.0
ANT0179,Citra,3.8,19.6,11,16.5,5.5
ANT0044,Andi,2.5,14.9,10,12.6,2.6
ANT0157,Sari,1.3,29.7,13,19.7,6.7
ANT0049,Andi,4.2,16.8,10,11.7,1.7
ANT0167,Sari,4.1,39.4,16,21.7,5.7
ANT0060,Andi,3.0,3.7,7,8.9,1.9
ANT0054,Andi,2.6,17.3,10,12.5,2.5
ANT0021,Dedi,1.3,11.1,9,10.2,1.2
ANT0125,Budi,2.7,10.3,9,9.7,0.7
ANT0207,Citra,2.6,24.5,12,16.8,4.8
ANT0144,Sari,4.2,33.8,14,21.0,7.0
ANT0077,Andi,3.6,11.6,9,10.6,1.6
ANT0181,Citra,1.4,29.0,13,17.9,4.9
ANT0108,Budi,1.3,15.3,10,11.7,1.7
ANT0172,Sari,4.8,53.2,19,27.6,8.6
ANT0013,Dedi,1.4,9.7,8,8.1,0.1
ANT0017,Dedi,2.5,8.7,8,9.4,1.4
ANT0048,Andi,2.5,4.0,7,8.9,1.9
ANT0199,Citra,3.3,57.4,20,30.5,10.5
ANT0120,Budi,2.3,20.5,11,15.6,4.6
ANT0022,Dedi,2.4,6.3,8,9.3,1.3
ANT0147,Sari,2.1,39.4,16,21.6,5.6
ANT0178,Citra,2.2,39.3,16,23.5,7.5
ANT0131,Budi,6.3,12.9,9,12.0,3.0
ANT0201,Citra,4.9,51.5,19,28.5,9.5
ANT0074,Andi,3.6,10.5,9,9.7,0.7
ANT0031,Dedi,1.6,10.9,9,10.0,1.0
ANT0159,Sari,2.4,54.8,20,27.8,7.8
ANT0034,Dedi,3.6,6.4,8,8.6,0.6
ANT0158,Sari,1.7,31.4,14,18.6,4.6
ANT0187,Citra,7.8,62.6,22,34.0,12.0
ANT0156,Sari,5.4,45.3,17,23.2,6.2
ANT0194,Citra,5.5,45.5,17,24.8,7.8
ANT0124,Budi,3.1,17.3,10,12.0,2.0
ANT0217,Citra,5.7,26.5,13,18.7,5.7
ANT0101,Budi,4.0,12.4,9,10.0,1.0
ANT0150,Sari,1.8,24.5,12,16.2,4.2
ANT0171,Sari,4.2,11.6,9,11.1,2.1
ANT0215,Citra,2.0,35.1,15,22.1,7.1
ANT0200,Citra,4.9,43.8,17,24.1,7.1
ANT0062,Andi,2.9,8.7,8,10.0,2.0
ANT0036,Dedi,3.9,4.3,7,7.6,0.6
ANT0011,Dedi,3.2,6.4,8,8.6,0.6
ANT0210,Citra,4.1,59.7,21,32.6,11.6
ANT0072,Andi,5.1,14.7,10,13.8,3.8
ANT0213,Citra,4.2,57.2,20,30.1,10.1
ANT0094,Budi,3.3,31.4,14,19.0,5.0
ANT0160,Sari,6.2,40.4,16,23.9,7.9
ANT0119,Budi,3.5,10.1,9,10.9,1.9
ANT0145,Sari,3.3,43.4,17,25.2,8.2
ANT0002,Dedi,3.7,7.3,8,8.8,0.8
ANT0202,Citra,3.4,29.1,13,19.3,6.3
ANT0084,Andi,2.5,6.0,8,8.5,0.5
ANT0209,Citra,0.9,20.2,11,21.8,10.8
ANT0088,Andi,2.5,3.7,7,7.0,0.0
ANT0138,Sari,3.1,34.3,15,20.9,5.9
ANT0005,Dedi,2.9,3.1,7,7.0,0.0
ANT0039,Dedi,3.8,4.7,7,7.0,0.0
ANT0190,Citra,2.8,29.5,13,18.7,5.7
ANT0035,Dedi,3.0,7.6,8,9.2,1.2
ANT0113,Budi,4.4,12.5,9,11.2,2.2
ANT0182,Citra,3.0,53.0,19,28.4,9.4
ANT0184,Citra,3.7,60.0,21,30.6,9.6
ANT0153,Sari,2.6,22.7,12,16.2,4.2
ANT0057,Andi,2.1,2.4,7,8.6,1.6
ANT0070,Andi,1.9,3.7,7,8.4,1.4
ANT0045,Andi,3.4,13.4,9,10.9,1.9
ANT0189,Citra,3.6,21.0,11,15.3,4.3
ANT0020,Dedi,4.5,9.6,8,10.4,2.4
ANT0007,Dedi,4.3,11.1,9,11.1,2.1
ANT0056,Andi,3.3,16.8,10,13.1,3.1
ANT0076,Andi,4.5,15.9,10,11.9,1.9
ANT0001,Dedi,1.7,11.3,9,10.2,1.2
ANT0173,Sari,1.4,14.6,10,13.6,3.6
ANT0136,Sari,3.1,53.2,19,28.1,9.1
ANT0128,Budi,4.1,23.7,12,16.0,4.0
ANT0177,Sari,2.0,30.5,14,18.9,4.9
ANT0069,Andi,3.3,2.3,7,7.3,0.3
ANT0168,Sari,3.2,53.0,19,27.7,8.7
ANT0137,Sari,2.2,43.8,17,25.2,8.2
ANT0043,Andi,1.6,5.2,7,7.9,0.9
ANT0111,Budi,1.4,7.8,8,8.9,0.9
ANT0090,Budi,3.0,23.9,12,15.6,3.6
ANT0073,Andi,3.2,5.7,7,8.5,1.5
ANT0024,Dedi,3.8,12.7,9,20.2,11.2
ANT0143,Sari,3.1,50.9,19,26.4,7.4
ANT0186,Citra,3.3,64.1,22,32.7,10.7
ANT0093,Budi,5.7,9.1,8,40.1,32.1
ANT0104,Budi,2.6,22.2,12,16.2,4.2
ANT0152,Sari,4.5,49.3,18,26.4,8.4
ANT0212,Citra,1.5,27.5,13,19.3,6.3
ANT0068,Andi,6.2,14.6,10,13.2,3.2
ANT0026,Dedi,4.1,4.3,7,7.4,0.4
ANT0197,Citra,4.0,26.9,13,17.5,4.5
ANT0176,Sari,5.1,12.9,9,11.6,2.6
