event_id,awb,event_code,stage,occurred_at,hub_code,completed_stop_order,source_event_key
EV-00001,ANT-FRZ-0001,PICKED_UP,PICKED_UP,2026-09-18T14:55:00.000Z,,0,ANT-FRZ-0001-00
EV-00002,ANT-FRZ-0002,PICKED_UP,PICKED_UP,2026-09-18T14:55:00.000Z,,0,ANT-FRZ-0002-00
EV-00003,ANT-FRZ-0002,ARRIVED_HUB,AT_HUB,2026-09-18T15:41:00.000Z,JKT-UTR,1,ANT-FRZ-0002-01
EV-00004,ANT-FRZ-0002,LEFT_HUB,IN_TRANSIT,2026-09-18T16:02:00.000Z,JKT-UTR,1,ANT-FRZ-0002-02
EV-00005,ANT-FRZ-0003,PICKED_UP,PICKED_UP,2026-09-18T14:49:00.000Z,,0,ANT-FRZ-0003-00
EV-00006,ANT-FRZ-0004,PICKED_UP,PICKED_UP,2026-09-18T14:49:00.000Z,,0,ANT-FRZ-0004-00
EV-00007,ANT-FRZ-0004,ARRIVED_HUB,AT_HUB,2026-09-18T15:37:00.000Z,BKS,1,ANT-FRZ-0004-01
EV-00008,ANT-FRZ-0004,LEFT_HUB,IN_TRANSIT,2026-09-18T16:00:00.000Z,BKS,1,ANT-FRZ-0004-02
EV-00009,ANT-FRZ-0005,PICKED_UP,PICKED_UP,2026-09-18T14:43:00.000Z,,0,ANT-FRZ-0005-00
EV-00010,ANT-FRZ-0006,PICKED_UP,PICKED_UP,2026-09-18T11:21:00.000Z,,0,ANT-FRZ-0006-00
EV-00011,ANT-FRZ-0006,ARRIVED_HUB,AT_HUB,2026-09-18T12:11:00.000Z,BKS,1,ANT-FRZ-0006-01
EV-00012,ANT-FRZ-0006,LEFT_HUB,IN_TRANSIT,2026-09-18T12:36:00.000Z,BKS,1,ANT-FRZ-0006-02
EV-00013,ANT-FRZ-0006,ARRIVED_HUB,AT_HUB,2026-09-18T13:29:00.000Z,TGR,2,ANT-FRZ-0006-03
EV-00014,ANT-FRZ-0006,LEFT_HUB,IN_TRANSIT,2026-09-18T13:55:00.000Z,TGR,2,ANT-FRZ-0006-04
EV-00015,ANT-FRZ-0006,ARRIVED_HUB,AT_HUB,2026-09-18T14:51:00.000Z,TGS,3,ANT-FRZ-0006-05
EV-00016,ANT-FRZ-0006,LEFT_HUB,IN_TRANSIT,2026-09-18T15:18:00.000Z,TGS,3,ANT-FRZ-0006-06
EV-00017,ANT-FRZ-0006,OUT_FOR_DELIVERY,OUT_FOR_DELIVERY,2026-09-18T15:58:00.000Z,,3,ANT-FRZ-0006-07
EV-00018,ANT-FRZ-0007,PICKED_UP,PICKED_UP,2026-09-18T14:37:00.000Z,,0,ANT-FRZ-0007-00
EV-00019,ANT-FRZ-0008,PICKED_UP,PICKED_UP,2026-09-18T13:55:00.000Z,,0,ANT-FRZ-0008-00
EV-00020,ANT-FRZ-0008,ARRIVED_HUB,AT_HUB,2026-09-18T14:47:00.000Z,JKT-TMR,1,ANT-FRZ-0008-01
EV-00021,ANT-FRZ-0008,LEFT_HUB,IN_TRANSIT,2026-09-18T15:14:00.000Z,JKT-TMR,1,ANT-FRZ-0008-02
EV-00022,ANT-FRZ-0008,OUT_FOR_DELIVERY,OUT_FOR_DELIVERY,2026-09-18T15:56:00.000Z,,1,ANT-FRZ-0008-03
EV-00023,ANT-FRZ-0009,PICKED_UP,PICKED_UP,2026-09-18T15:02:00.000Z,,0,ANT-FRZ-0009-00
EV-00024,ANT-FRZ-0009,ARRIVED_HUB,AT_HUB,2026-09-18T15:55:00.000Z,JKT-SLT,1,ANT-FRZ-0009-01
EV-00025,ANT-FRZ-0010,PICKED_UP,PICKED_UP,2026-09-18T13:47:00.000Z,,0,ANT-FRZ-0010-00
EV-00026,ANT-FRZ-0010,ARRIVED_HUB,AT_HUB,2026-09-18T14:41:00.000Z,TGR,1,ANT-FRZ-0010-01
EV-00027,ANT-FRZ-0010,LEFT_HUB,IN_TRANSIT,2026-09-18T15:10:00.000Z,TGR,1,ANT-FRZ-0010-02
EV-00028,ANT-FRZ-0010,OUT_FOR_DELIVERY,OUT_FOR_DELIVERY,2026-09-18T15:54:00.000Z,,1,ANT-FRZ-0010-03
EV-00029,ANT-FRZ-0011,PICKED_UP,PICKED_UP,2026-09-18T13:30:00.000Z,,0,ANT-FRZ-0011-00
EV-00030,ANT-FRZ-0011,ARRIVED_HUB,AT_HUB,2026-09-18T14:25:00.000Z,JKT-PST,1,ANT-FRZ-0011-01
EV-00031,ANT-FRZ-0011,LEFT_HUB,IN_TRANSIT,2026-09-18T14:55:00.000Z,JKT-PST,1,ANT-FRZ-0011-02
EV-00032,ANT-FRZ-0011,ARRIVED_HUB,AT_HUB,2026-09-18T15:53:00.000Z,JKT-TMR,2,ANT-FRZ-0011-03
EV-00033,ANT-FRZ-0012,PICKED_UP,PICKED_UP,2026-09-18T12:33:00.000Z,,0,ANT-FRZ-0012-00
EV-00034,ANT-FRZ-0012,ARRIVED_HUB,AT_HUB,2026-09-18T13:29:00.000Z,JKT-UTR,1,ANT-FRZ-0012-01
EV-00035,ANT-FRZ-0012,LEFT_HUB,IN_TRANSIT,2026-09-18T14:00:00.000Z,JKT-UTR,1,ANT-FRZ-0012-02
EV-00036,ANT-FRZ-0012,OUT_FOR_DELIVERY,OUT_FOR_DELIVERY,2026-09-18T14:46:00.000Z,,1,ANT-FRZ-0012-03
EV-00037,ANT-FRZ-0012,DELIVERED,DELIVERED,2026-09-18T15:52:00.000Z,,2,ANT-FRZ-0012-04
EV-00038,ANT-FRZ-0013,PICKED_UP,PICKED_UP,2026-09-18T15:06:00.000Z,,0,ANT-FRZ-0013-00
EV-00039,ANT-FRZ-0013,ARRIVED_HUB,AT_HUB,2026-09-18T16:03:00.000Z,BGR,1,ANT-FRZ-0013-01
EV-00040,ANT-FRZ-0014,PICKED_UP,PICKED_UP,2026-09-18T12:47:00.000Z,,0,ANT-FRZ-0014-00
EV-00041,ANT-FRZ-0014,ARRIVED_HUB,AT_HUB,2026-09-18T13:45:00.000Z,BKS,1,ANT-FRZ-0014-01
EV-00042,ANT-FRZ-0014,LEFT_HUB,IN_TRANSIT,2026-09-18T14:06:00.000Z,BKS,1,ANT-FRZ-0014-02
EV-00043,ANT-FRZ-0014,OUT_FOR_DELIVERY,OUT_FOR_DELIVERY,2026-09-18T14:54:00.000Z,,1,ANT-FRZ-0014-03
EV-00044,ANT-FRZ-0014,DELIVERED,DELIVERED,2026-09-18T16:02:00.000Z,,2,ANT-FRZ-0014-04
EV-00045,ANT-FRZ-0015,PICKED_UP,PICKED_UP,2026-09-18T14:40:00.000Z,,0,ANT-FRZ-0015-00
EV-00046,ANT-FRZ-0015,ARRIVED_HUB,AT_HUB,2026-09-18T15:39:00.000Z,JKT-BRT,1,ANT-FRZ-0015-01
EV-00047,ANT-FRZ-0015,LEFT_HUB,IN_TRANSIT,2026-09-18T16:01:00.000Z,JKT-BRT,1,ANT-FRZ-0015-02
EV-00048,ANT-FRZ-0016,PICKED_UP,PICKED_UP,2026-09-18T10:29:00.000Z,,0,ANT-FRZ-0016-00
EV-00049,ANT-FRZ-0016,ARRIVED_HUB,AT_HUB,2026-09-18T11:29:00.000Z,BKS,1,ANT-FRZ-0016-01
EV-00050,ANT-FRZ-0016,LEFT_HUB,IN_TRANSIT,2026-09-18T11:52:00.000Z,BKS,1,ANT-FRZ-0016-02
EV-00051,ANT-FRZ-0016,ARRIVED_HUB,AT_HUB,2026-09-18T12:37:00.000Z,TGR,2,ANT-FRZ-0016-03
EV-00052,ANT-FRZ-0016,LEFT_HUB,IN_TRANSIT,2026-09-18T13:01:00.000Z,TGR,2,ANT-FRZ-0016-04
EV-00053,ANT-FRZ-0016,ARRIVED_HUB,AT_HUB,2026-09-18T13:49:00.000Z,TGS,3,ANT-FRZ-0016-05
EV-00054,ANT-FRZ-0016,LEFT_HUB,IN_TRANSIT,2026-09-18T14:14:00.000Z,TGS,3,ANT-FRZ-0016-06
EV-00055,ANT-FRZ-0016,OUT_FOR_DELIVERY,OUT_FOR_DELIVERY,2026-09-18T14:50:00.000Z,,3,ANT-FRZ-0016-07
EV-00056,ANT-FRZ-0016,DELIVERED,DELIVERED,2026-09-18T16:00:00.000Z,,4,ANT-FRZ-0016-08
EV-00057,ANT-FRZ-0017,PICKED_UP,PICKED_UP,2026-09-18T14:34:00.000Z,,0,ANT-FRZ-0017-00
EV-00058,ANT-FRZ-0017,ARRIVED_HUB,AT_HUB,2026-09-18T15:35:00.000Z,TGR,1,ANT-FRZ-0017-01
EV-00059,ANT-FRZ-0017,LEFT_HUB,IN_TRANSIT,2026-09-18T15:59:00.000Z,TGR,1,ANT-FRZ-0017-02
EV-00060,ANT-FRZ-0018,PICKED_UP,PICKED_UP,2026-09-18T12:41:00.000Z,,0,ANT-FRZ-0018-00
EV-00061,ANT-FRZ-0018,ARRIVED_HUB,AT_HUB,2026-09-18T13:43:00.000Z,JKT-TMR,1,ANT-FRZ-0018-01
EV-00062,ANT-FRZ-0018,LEFT_HUB,IN_TRANSIT,2026-09-18T14:08:00.000Z,JKT-TMR,1,ANT-FRZ-0018-02
EV-00063,ANT-FRZ-0018,OUT_FOR_DELIVERY,OUT_FOR_DELIVERY,2026-09-18T14:46:00.000Z,,1,ANT-FRZ-0018-03
EV-00064,ANT-FRZ-0018,DELIVERED,DELIVERED,2026-09-18T15:58:00.000Z,,2,ANT-FRZ-0018-04
EV-00065,ANT-FRZ-0019,PICKED_UP,PICKED_UP,2026-09-18T14:46:00.000Z,,0,ANT-FRZ-0019-00
EV-00066,ANT-FRZ-0019,ARRIVED_HUB,AT_HUB,2026-09-18T15:31:00.000Z,JKT-SLT,1,ANT-FRZ-0019-01
EV-00067,ANT-FRZ-0019,LEFT_HUB,IN_TRANSIT,2026-09-18T15:57:00.000Z,JKT-SLT,1,ANT-FRZ-0019-02
EV-00068,ANT-FRZ-0020,PICKED_UP,PICKED_UP,2026-09-18T14:46:00.000Z,,0,ANT-FRZ-0020-00
EV-00069,ANT-FRZ-0021,PICKED_UP,PICKED_UP,2026-09-18T11:58:00.000Z,,0,ANT-FRZ-0021-00
EV-00070,ANT-FRZ-0021,ARRIVED_HUB,AT_HUB,2026-09-18T12:45:00.000Z,JKT-PST,1,ANT-FRZ-0021-01
EV-00071,ANT-FRZ-0021,LEFT_HUB,IN_TRANSIT,2026-09-18T13:13:00.000Z,JKT-PST,1,ANT-FRZ-0021-02
EV-00072,ANT-FRZ-0021,ARRIVED_HUB,AT_HUB,2026-09-18T14:03:00.000Z,JKT-TMR,2,ANT-FRZ-0021-03
EV-00073,ANT-FRZ-0021,LEFT_HUB,IN_TRANSIT,2026-09-18T14:32:00.000Z,JKT-TMR,2,ANT-FRZ-0021-04
EV-00074,ANT-FRZ-0021,ARRIVED_HUB,AT_HUB,2026-09-18T15:25:00.000Z,JKT-SLT,3,ANT-FRZ-0021-05
EV-00075,ANT-FRZ-0021,LEFT_HUB,IN_TRANSIT,2026-09-18T15:55:00.000Z,JKT-SLT,3,ANT-FRZ-0021-06
EV-00076,ANT-FRZ-0022,PICKED_UP,PICKED_UP,2026-09-18T14:40:00.000Z,,0,ANT-FRZ-0022-00
EV-00077,ANT-FRZ-0023,PICKED_UP,PICKED_UP,2026-09-18T12:28:00.000Z,,0,ANT-FRZ-0023-00
EV-00078,ANT-FRZ-0023,ARRIVED_HUB,AT_HUB,2026-09-18T13:17:00.000Z,BGR,1,ANT-FRZ-0023-01
EV-00079,ANT-FRZ-0023,LEFT_HUB,IN_TRANSIT,2026-09-18T13:47:00.000Z,BGR,1,ANT-FRZ-0023-02
EV-00080,ANT-FRZ-0023,ARRIVED_HUB,AT_HUB,2026-09-18T14:39:00.000Z,TGR,2,ANT-FRZ-0023-03
EV-00081,ANT-FRZ-0023,LEFT_HUB,IN_TRANSIT,2026-09-18T15:10:00.000Z,TGR,2,ANT-FRZ-0023-04
EV-00082,ANT-FRZ-0023,OUT_FOR_DELIVERY,OUT_FOR_DELIVERY,2026-09-18T15:53:00.000Z,,2,ANT-FRZ-0023-05
EV-00083,ANT-FRZ-0024,PICKED_UP,PICKED_UP,2026-09-18T14:34:00.000Z,,0,ANT-FRZ-0024-00
EV-00084,ANT-FRZ-0025,PICKED_UP,PICKED_UP,2026-09-18T12:52:00.000Z,,0,ANT-FRZ-0025-00
EV-00085,ANT-FRZ-0025,ARRIVED_HUB,AT_HUB,2026-09-18T13:43:00.000Z,JKT-BRT,1,ANT-FRZ-0025-01
EV-00086,ANT-FRZ-0025,LEFT_HUB,IN_TRANSIT,2026-09-18T14:03:00.000Z,JKT-BRT,1,ANT-FRZ-0025-02
EV-00087,ANT-FRZ-0025,ARRIVED_HUB,AT_HUB,2026-09-18T14:57:00.000Z,JKT-TMR,2,ANT-FRZ-0025-03
EV-00088,ANT-FRZ-0025,LEFT_HUB,IN_TRANSIT,2026-09-18T15:18:00.000Z,JKT-TMR,2,ANT-FRZ-0025-04
EV-00089,ANT-FRZ-0025,OUT_FOR_DELIVERY,OUT_FOR_DELIVERY,2026-09-18T16:03:00.000Z,,2,ANT-FRZ-0025-05
EV-00090,ANT-FRZ-0026,PICKED_UP,PICKED_UP,2026-09-18T13:54:00.000Z,,0,ANT-FRZ-0026-00
EV-00091,ANT-FRZ-0026,ARRIVED_HUB,AT_HUB,2026-09-18T14:46:00.000Z,BKS,1,ANT-FRZ-0026-01
EV-00092,ANT-FRZ-0026,LEFT_HUB,IN_TRANSIT,2026-09-18T15:07:00.000Z,BKS,1,ANT-FRZ-0026-02
EV-00093,ANT-FRZ-0026,ARRIVED_HUB,AT_HUB,2026-09-18T16:02:00.000Z,TGR,2,ANT-FRZ-0026-03
EV-00094,ANT-FRZ-0027,PICKED_UP,PICKED_UP,2026-09-18T12:40:00.000Z,,0,ANT-FRZ-0027-00
EV-00095,ANT-FRZ-0027,ARRIVED_HUB,AT_HUB,2026-09-18T13:33:00.000Z,TGR,1,ANT-FRZ-0027-01
EV-00096,ANT-FRZ-0027,LEFT_HUB,IN_TRANSIT,2026-09-18T13:55:00.000Z,TGR,1,ANT-FRZ-0027-02
EV-00097,ANT-FRZ-0027,ARRIVED_HUB,AT_HUB,2026-09-18T14:51:00.000Z,BGR,2,ANT-FRZ-0027-03
EV-00098,ANT-FRZ-0027,LEFT_HUB,IN_TRANSIT,2026-09-18T15:14:00.000Z,BGR,2,ANT-FRZ-0027-04
EV-00099,ANT-FRZ-0027,OUT_FOR_DELIVERY,OUT_FOR_DELIVERY,2026-09-18T16:01:00.000Z,,2,ANT-FRZ-0027-05
EV-00100,ANT-FRZ-0028,PICKED_UP,PICKED_UP,2026-09-18T15:06:00.000Z,,0,ANT-FRZ-0028-00
EV-00101,ANT-FRZ-0028,ARRIVED_HUB,AT_HUB,2026-09-18T16:00:00.000Z,JKT-TMR,1,ANT-FRZ-0028-01
EV-00102,ANT-FRZ-0029,PICKED_UP,PICKED_UP,2026-09-18T11:40:00.000Z,,0,ANT-FRZ-0029-00
EV-00103,ANT-FRZ-0029,ARRIVED_HUB,AT_HUB,2026-09-18T12:35:00.000Z,JKT-SLT,1,ANT-FRZ-0029-01
EV-00104,ANT-FRZ-0029,LEFT_HUB,IN_TRANSIT,2026-09-18T12:59:00.000Z,JKT-SLT,1,ANT-FRZ-0029-02
EV-00105,ANT-FRZ-0029,ARRIVED_HUB,AT_HUB,2026-09-18T13:57:00.000Z,JKT-PST,2,ANT-FRZ-0029-03
EV-00106,ANT-FRZ-0029,LEFT_HUB,IN_TRANSIT,2026-09-18T14:22:00.000Z,JKT-PST,2,ANT-FRZ-0029-04
EV-00107,ANT-FRZ-0029,OUT_FOR_DELIVERY,OUT_FOR_DELIVERY,2026-09-18T14:57:00.000Z,,2,ANT-FRZ-0029-05
EV-00108,ANT-FRZ-0029,DELIVERED,DELIVERED,2026-09-18T15:59:00.000Z,,3,ANT-FRZ-0029-06
EV-00109,ANT-FRZ-0030,PICKED_UP,PICKED_UP,2026-09-18T15:02:00.000Z,,0,ANT-FRZ-0030-00
EV-00110,ANT-FRZ-0030,ARRIVED_HUB,AT_HUB,2026-09-18T15:58:00.000Z,TGR,1,ANT-FRZ-0030-01
EV-00111,ANT-FRZ-0031,PICKED_UP,PICKED_UP,2026-09-18T10:13:00.000Z,,0,ANT-FRZ-0031-00
EV-00112,ANT-FRZ-0031,ARRIVED_HUB,AT_HUB,2026-09-18T11:10:00.000Z,JKT-PST,1,ANT-FRZ-0031-01
EV-00113,ANT-FRZ-0031,LEFT_HUB,IN_TRANSIT,2026-09-18T11:36:00.000Z,JKT-PST,1,ANT-FRZ-0031-02
EV-00114,ANT-FRZ-0031,ARRIVED_HUB,AT_HUB,2026-09-18T12:36:00.000Z,JKT-TMR,2,ANT-FRZ-0031-03
EV-00115,ANT-FRZ-0031,LEFT_HUB,IN_TRANSIT,2026-09-18T13:03:00.000Z,JKT-TMR,2,ANT-FRZ-0031-04
EV-00116,ANT-FRZ-0031,ARRIVED_HUB,AT_HUB,2026-09-18T13:48:00.000Z,JKT-SLT,3,ANT-FRZ-0031-05
EV-00117,ANT-FRZ-0031,LEFT_HUB,IN_TRANSIT,2026-09-18T14:16:00.000Z,JKT-SLT,3,ANT-FRZ-0031-06
EV-00118,ANT-FRZ-0031,OUT_FOR_DELIVERY,OUT_FOR_DELIVERY,2026-09-18T14:53:00.000Z,,3,ANT-FRZ-0031-07
EV-00119,ANT-FRZ-0031,DELIVERED,DELIVERED,2026-09-18T15:57:00.000Z,,4,ANT-FRZ-0031-08
EV-00120,ANT-FRZ-0032,PICKED_UP,PICKED_UP,2026-09-18T14:58:00.000Z,,0,ANT-FRZ-0032-00
EV-00121,ANT-FRZ-0032,ARRIVED_HUB,AT_HUB,2026-09-18T15:56:00.000Z,JKT-UTR,1,ANT-FRZ-0032-01
EV-00122,ANT-FRZ-0033,PICKED_UP,PICKED_UP,2026-09-18T11:12:00.000Z,,0,ANT-FRZ-0033-00
EV-00123,ANT-FRZ-0033,ARRIVED_HUB,AT_HUB,2026-09-18T12:11:00.000Z,BGR,1,ANT-FRZ-0033-01
EV-00124,ANT-FRZ-0033,LEFT_HUB,IN_TRANSIT,2026-09-18T12:39:00.000Z,BGR,1,ANT-FRZ-0033-02
EV-00125,ANT-FRZ-0033,ARRIVED_HUB,AT_HUB,2026-09-18T13:41:00.000Z,TGR,2,ANT-FRZ-0033-03
EV-00126,ANT-FRZ-0033,LEFT_HUB,IN_TRANSIT,2026-09-18T14:10:00.000Z,TGR,2,ANT-FRZ-0033-04
EV-00127,ANT-FRZ-0033,OUT_FOR_DELIVERY,OUT_FOR_DELIVERY,2026-09-18T14:49:00.000Z,,2,ANT-FRZ-0033-05
EV-00128,ANT-FRZ-0033,DELIVERED,DELIVERED,2026-09-18T15:55:00.000Z,,3,ANT-FRZ-0033-06
EV-00129,ANT-FRZ-0034,PICKED_UP,PICKED_UP,2026-09-18T14:25:00.000Z,,0,ANT-FRZ-0034-00
EV-00130,ANT-FRZ-0034,ARRIVED_HUB,AT_HUB,2026-09-18T15:25:00.000Z,BKS,1,ANT-FRZ-0034-01
EV-00131,ANT-FRZ-0034,LEFT_HUB,IN_TRANSIT,2026-09-18T15:54:00.000Z,BKS,1,ANT-FRZ-0034-02
EV-00132,ANT-FRZ-0035,PICKED_UP,PICKED_UP,2026-09-18T11:16:00.000Z,,0,ANT-FRZ-0035-00
EV-00133,ANT-FRZ-0035,ARRIVED_HUB,AT_HUB,2026-09-18T12:17:00.000Z,JKT-BRT,1,ANT-FRZ-0035-01
EV-00134,ANT-FRZ-0035,LEFT_HUB,IN_TRANSIT,2026-09-18T12:47:00.000Z,JKT-BRT,1,ANT-FRZ-0035-02
EV-00135,ANT-FRZ-0035,ARRIVED_HUB,AT_HUB,2026-09-18T13:33:00.000Z,JKT-TMR,2,ANT-FRZ-0035-03
EV-00136,ANT-FRZ-0035,LEFT_HUB,IN_TRANSIT,2026-09-18T14:04:00.000Z,JKT-TMR,2,ANT-FRZ-0035-04
EV-00137,ANT-FRZ-0035,OUT_FOR_DELIVERY,OUT_FOR_DELIVERY,2026-09-18T14:45:00.000Z,,2,ANT-FRZ-0035-05
EV-00138,ANT-FRZ-0035,DELIVERED,DELIVERED,2026-09-18T15:53:00.000Z,,3,ANT-FRZ-0035-06
EV-00139,ANT-FRZ-0036,PICKED_UP,PICKED_UP,2026-09-18T12:01:00.000Z,,0,ANT-FRZ-0036-00
EV-00140,ANT-FRZ-0036,ARRIVED_HUB,AT_HUB,2026-09-18T13:03:00.000Z,BKS,1,ANT-FRZ-0036-01
EV-00141,ANT-FRZ-0036,LEFT_HUB,IN_TRANSIT,2026-09-18T13:34:00.000Z,BKS,1,ANT-FRZ-0036-02
EV-00142,ANT-FRZ-0036,ARRIVED_HUB,AT_HUB,2026-09-18T14:21:00.000Z,TGR,2,ANT-FRZ-0036-03
EV-00143,ANT-FRZ-0036,LEFT_HUB,IN_TRANSIT,2026-09-18T14:41:00.000Z,TGR,2,ANT-FRZ-0036-04
EV-00144,ANT-FRZ-0036,ARRIVED_HUB,AT_HUB,2026-09-18T15:31:00.000Z,TGS,3,ANT-FRZ-0036-05
EV-00145,ANT-FRZ-0036,LEFT_HUB,IN_TRANSIT,2026-09-18T15:52:00.000Z,TGS,3,ANT-FRZ-0036-06
EV-00146,ANT-FRZ-0037,PICKED_UP,PICKED_UP,2026-09-18T14:43:00.000Z,,0,ANT-FRZ-0037-00
EV-00147,ANT-FRZ-0038,PICKED_UP,PICKED_UP,2026-09-18T14:55:00.000Z,,0,ANT-FRZ-0038-00
EV-00148,ANT-FRZ-0038,ARRIVED_HUB,AT_HUB,2026-09-18T15:41:00.000Z,JKT-TMR,1,ANT-FRZ-0038-01
EV-00149,ANT-FRZ-0038,LEFT_HUB,IN_TRANSIT,2026-09-18T16:02:00.000Z,JKT-TMR,1,ANT-FRZ-0038-02
EV-00150,ANT-FRZ-0039,PICKED_UP,PICKED_UP,2026-09-18T16:01:00.000Z,,0,ANT-FRZ-0039-00
EV-00151,ANT-FRZ-0040,PICKED_UP,PICKED_UP,2026-09-18T14:03:00.000Z,,0,ANT-FRZ-0040-00
EV-00152,ANT-FRZ-0040,ARRIVED_HUB,AT_HUB,2026-09-18T14:51:00.000Z,TGR,1,ANT-FRZ-0040-01
EV-00153,ANT-FRZ-0040,LEFT_HUB,IN_TRANSIT,2026-09-18T15:14:00.000Z,TGR,1,ANT-FRZ-0040-02
EV-00154,ANT-FRZ-0040,OUT_FOR_DELIVERY,OUT_FOR_DELIVERY,2026-09-18T16:00:00.000Z,,1,ANT-FRZ-0040-03
EV-00155,ANT-FRZ-0041,PICKED_UP,PICKED_UP,2026-09-18T15:59:00.000Z,,0,ANT-FRZ-0041-00
EV-00156,ANT-FRZ-0042,PICKED_UP,PICKED_UP,2026-09-18T13:55:00.000Z,,0,ANT-FRZ-0042-00
EV-00157,ANT-FRZ-0042,ARRIVED_HUB,AT_HUB,2026-09-18T14:45:00.000Z,JKT-UTR,1,ANT-FRZ-0042-01
EV-00158,ANT-FRZ-0042,LEFT_HUB,IN_TRANSIT,2026-09-18T15:10:00.000Z,JKT-UTR,1,ANT-FRZ-0042-02
EV-00159,ANT-FRZ-0042,OUT_FOR_DELIVERY,OUT_FOR_DELIVERY,2026-09-18T15:58:00.000Z,,1,ANT-FRZ-0042-03
EV-00160,ANT-FRZ-0043,PICKED_UP,PICKED_UP,2026-09-18T15:06:00.000Z,,0,ANT-FRZ-0043-00
EV-00161,ANT-FRZ-0043,ARRIVED_HUB,AT_HUB,2026-09-18T15:57:00.000Z,BGR,1,ANT-FRZ-0043-01
EV-00162,ANT-FRZ-0044,PICKED_UP,PICKED_UP,2026-09-18T14:01:00.000Z,,0,ANT-FRZ-0044-00
EV-00163,ANT-FRZ-0044,ARRIVED_HUB,AT_HUB,2026-09-18T14:53:00.000Z,BKS,1,ANT-FRZ-0044-01
EV-00164,ANT-FRZ-0044,LEFT_HUB,IN_TRANSIT,2026-09-18T15:20:00.000Z,BKS,1,ANT-FRZ-0044-02
EV-00165,ANT-FRZ-0044,OUT_FOR_DELIVERY,OUT_FOR_DELIVERY,2026-09-18T15:56:00.000Z,,1,ANT-FRZ-0044-03
EV-00166,ANT-FRZ-0045,PICKED_UP,PICKED_UP,2026-09-18T15:02:00.000Z,,0,ANT-FRZ-0045-00
EV-00167,ANT-FRZ-0045,ARRIVED_HUB,AT_HUB,2026-09-18T15:55:00.000Z,JKT-BRT,1,ANT-FRZ-0045-01
EV-00168,ANT-FRZ-0046,PICKED_UP,PICKED_UP,2026-09-18T10:55:00.000Z,,0,ANT-FRZ-0046-00
EV-00169,ANT-FRZ-0046,ARRIVED_HUB,AT_HUB,2026-09-18T11:49:00.000Z,BKS,1,ANT-FRZ-0046-01
EV-00170,ANT-FRZ-0046,LEFT_HUB,IN_TRANSIT,2026-09-18T12:18:00.000Z,BKS,1,ANT-FRZ-0046-02
EV-00171,ANT-FRZ-0046,ARRIVED_HUB,AT_HUB,2026-09-18T13:15:00.000Z,TGR,2,ANT-FRZ-0046-03
EV-00172,ANT-FRZ-0046,LEFT_HUB,IN_TRANSIT,2026-09-18T13:45:00.000Z,TGR,2,ANT-FRZ-0046-04
EV-00173,ANT-FRZ-0046,ARRIVED_HUB,AT_HUB,2026-09-18T14:45:00.000Z,TGS,3,ANT-FRZ-0046-05
EV-00174,ANT-FRZ-0046,LEFT_HUB,IN_TRANSIT,2026-09-18T15:16:00.000Z,TGS,3,ANT-FRZ-0046-06
EV-00175,ANT-FRZ-0046,OUT_FOR_DELIVERY,OUT_FOR_DELIVERY,2026-09-18T15:54:00.000Z,,3,ANT-FRZ-0046-07
EV-00176,ANT-FRZ-0047,PICKED_UP,PICKED_UP,2026-09-18T14:58:00.000Z,,0,ANT-FRZ-0047-00
EV-00177,ANT-FRZ-0047,ARRIVED_HUB,AT_HUB,2026-09-18T15:53:00.000Z,TGR,1,ANT-FRZ-0047-01
EV-00178,ANT-FRZ-0048,PICKED_UP,PICKED_UP,2026-09-18T12:45:00.000Z,,0,ANT-FRZ-0048-00
EV-00179,ANT-FRZ-0048,ARRIVED_HUB,AT_HUB,2026-09-18T13:41:00.000Z,JKT-TMR,1,ANT-FRZ-0048-01
EV-00180,ANT-FRZ-0048,LEFT_HUB,IN_TRANSIT,2026-09-18T14:12:00.000Z,JKT-TMR,1,ANT-FRZ-0048-02
EV-00181,ANT-FRZ-0048,OUT_FOR_DELIVERY,OUT_FOR_DELIVERY,2026-09-18T14:52:00.000Z,,1,ANT-FRZ-0048-03
EV-00182,ANT-FRZ-0048,DELIVERED,DELIVERED,2026-09-18T15:52:00.000Z,,2,ANT-FRZ-0048-04
EV-00183,ANT-FRZ-0049,PICKED_UP,PICKED_UP,2026-09-18T15:06:00.000Z,,0,ANT-FRZ-0049-00
EV-00184,ANT-FRZ-0049,ARRIVED_HUB,AT_HUB,2026-09-18T16:03:00.000Z,JKT-SLT,1,ANT-FRZ-0049-01
EV-00185,ANT-FRZ-0050,PICKED_UP,PICKED_UP,2026-09-18T12:59:00.000Z,,0,ANT-FRZ-0050-00
EV-00186,ANT-FRZ-0050,ARRIVED_HUB,AT_HUB,2026-09-18T13:57:00.000Z,TGR,1,ANT-FRZ-0050-01
EV-00187,ANT-FRZ-0050,LEFT_HUB,IN_TRANSIT,2026-09-18T14:18:00.000Z,TGR,1,ANT-FRZ-0050-02
EV-00188,ANT-FRZ-0050,OUT_FOR_DELIVERY,OUT_FOR_DELIVERY,2026-09-18T15:00:00.000Z,,1,ANT-FRZ-0050-03
EV-00189,ANT-FRZ-0050,DELIVERED,DELIVERED,2026-09-18T16:02:00.000Z,,2,ANT-FRZ-0050-04
EV-00190,ANT-FRZ-0051,PICKED_UP,PICKED_UP,2026-09-18T12:04:00.000Z,,0,ANT-FRZ-0051-00
EV-00191,ANT-FRZ-0051,ARRIVED_HUB,AT_HUB,2026-09-18T13:03:00.000Z,JKT-PST,1,ANT-FRZ-0051-01
EV-00192,ANT-FRZ-0051,LEFT_HUB,IN_TRANSIT,2026-09-18T13:25:00.000Z,JKT-PST,1,ANT-FRZ-0051-02
EV-00193,ANT-FRZ-0051,ARRIVED_HUB,AT_HUB,2026-09-18T14:27:00.000Z,JKT-TMR,2,ANT-FRZ-0051-03
EV-00194,ANT-FRZ-0051,LEFT_HUB,IN_TRANSIT,2026-09-18T14:50:00.000Z,JKT-TMR,2,ANT-FRZ-0051-04
EV-00195,ANT-FRZ-0051,ARRIVED_HUB,AT_HUB,2026-09-18T15:37:00.000Z,JKT-SLT,3,ANT-FRZ-0051-05
EV-00196,ANT-FRZ-0051,LEFT_HUB,IN_TRANSIT,2026-09-18T16:01:00.000Z,JKT-SLT,3,ANT-FRZ-0051-06
EV-00197,ANT-FRZ-0052,PICKED_UP,PICKED_UP,2026-09-18T12:49:00.000Z,,0,ANT-FRZ-0052-00
EV-00198,ANT-FRZ-0052,ARRIVED_HUB,AT_HUB,2026-09-18T13:49:00.000Z,JKT-UTR,1,ANT-FRZ-0052-01
EV-00199,ANT-FRZ-0052,LEFT_HUB,IN_TRANSIT,2026-09-18T14:12:00.000Z,JKT-UTR,1,ANT-FRZ-0052-02
EV-00200,ANT-FRZ-0052,OUT_FOR_DELIVERY,OUT_FOR_DELIVERY,2026-09-18T14:56:00.000Z,,1,ANT-FRZ-0052-03
EV-00201,ANT-FRZ-0052,DELIVERED,DELIVERED,2026-09-18T16:00:00.000Z,,2,ANT-FRZ-0052-04
EV-00202,ANT-FRZ-0053,PICKED_UP,PICKED_UP,2026-09-18T14:34:00.000Z,,0,ANT-FRZ-0053-00
EV-00203,ANT-FRZ-0053,ARRIVED_HUB,AT_HUB,2026-09-18T15:35:00.000Z,BGR,1,ANT-FRZ-0053-01
EV-00204,ANT-FRZ-0053,LEFT_HUB,IN_TRANSIT,2026-09-18T15:59:00.000Z,BGR,1,ANT-FRZ-0053-02
EV-00205,ANT-FRZ-0054,PICKED_UP,PICKED_UP,2026-09-18T15:58:00.000Z,,0,ANT-FRZ-0054-00
EV-00206,ANT-FRZ-0055,PICKED_UP,PICKED_UP,2026-09-18T14:46:00.000Z,,0,ANT-FRZ-0055-00
EV-00207,ANT-FRZ-0055,ARRIVED_HUB,AT_HUB,2026-09-18T15:31:00.000Z,JKT-BRT,1,ANT-FRZ-0055-01
EV-00208,ANT-FRZ-0055,LEFT_HUB,IN_TRANSIT,2026-09-18T15:57:00.000Z,JKT-BRT,1,ANT-FRZ-0055-02
EV-00209,ANT-FRZ-0056,PICKED_UP,PICKED_UP,2026-09-18T15:56:00.000Z,,0,ANT-FRZ-0056-00
EV-00210,ANT-FRZ-0057,PICKED_UP,PICKED_UP,2026-09-18T12:46:00.000Z,,0,ANT-FRZ-0057-00
EV-00211,ANT-FRZ-0057,ARRIVED_HUB,AT_HUB,2026-09-18T13:33:00.000Z,TGR,1,ANT-FRZ-0057-01
EV-00212,ANT-FRZ-0057,LEFT_HUB,IN_TRANSIT,2026-09-18T14:01:00.000Z,TGR,1,ANT-FRZ-0057-02
EV-00213,ANT-FRZ-0057,ARRIVED_HUB,AT_HUB,2026-09-18T14:51:00.000Z,BGR,2,ANT-FRZ-0057-03
EV-00214,ANT-FRZ-0057,LEFT_HUB,IN_TRANSIT,2026-09-18T15:20:00.000Z,BGR,2,ANT-FRZ-0057-04
EV-00215,ANT-FRZ-0057,OUT_FOR_DELIVERY,OUT_FOR_DELIVERY,2026-09-18T15:55:00.000Z,,2,ANT-FRZ-0057-05
EV-00216,ANT-FRZ-0058,PICKED_UP,PICKED_UP,2026-09-18T15:54:00.000Z,,0,ANT-FRZ-0058-00
EV-00217,ANT-FRZ-0059,PICKED_UP,PICKED_UP,2026-09-18T12:34:00.000Z,,0,ANT-FRZ-0059-00
EV-00218,ANT-FRZ-0059,ARRIVED_HUB,AT_HUB,2026-09-18T13:23:00.000Z,JKT-SLT,1,ANT-FRZ-0059-01
EV-00219,ANT-FRZ-0059,LEFT_HUB,IN_TRANSIT,2026-09-18T13:53:00.000Z,JKT-SLT,1,ANT-FRZ-0059-02
EV-00220,ANT-FRZ-0059,ARRIVED_HUB,AT_HUB,2026-09-18T14:45:00.000Z,JKT-PST,2,ANT-FRZ-0059-03
EV-00221,ANT-FRZ-0059,LEFT_HUB,IN_TRANSIT,2026-09-18T15:16:00.000Z,JKT-PST,2,ANT-FRZ-0059-04
EV-00222,ANT-FRZ-0059,OUT_FOR_DELIVERY,OUT_FOR_DELIVERY,2026-09-18T15:53:00.000Z,,2,ANT-FRZ-0059-05
EV-00223,ANT-FRZ-0060,PICKED_UP,PICKED_UP,2026-09-18T15:52:00.000Z,,0,ANT-FRZ-0060-00
EV-00224,ANT-FRZ-0061,PICKED_UP,PICKED_UP,2026-09-18T11:39:00.000Z,,0,ANT-FRZ-0061-00
EV-00225,ANT-FRZ-0061,ARRIVED_HUB,AT_HUB,2026-09-18T12:30:00.000Z,JKT-PST,1,ANT-FRZ-0061-01
EV-00226,ANT-FRZ-0061,LEFT_HUB,IN_TRANSIT,2026-09-18T12:50:00.000Z,JKT-PST,1,ANT-FRZ-0061-02
EV-00227,ANT-FRZ-0061,ARRIVED_HUB,AT_HUB,2026-09-18T13:44:00.000Z,JKT-TMR,2,ANT-FRZ-0061-03
EV-00228,ANT-FRZ-0061,LEFT_HUB,IN_TRANSIT,2026-09-18T14:05:00.000Z,JKT-TMR,2,ANT-FRZ-0061-04
EV-00229,ANT-FRZ-0061,ARRIVED_HUB,AT_HUB,2026-09-18T15:02:00.000Z,JKT-SLT,3,ANT-FRZ-0061-05
EV-00230,ANT-FRZ-0061,LEFT_HUB,IN_TRANSIT,2026-09-18T15:24:00.000Z,JKT-SLT,3,ANT-FRZ-0061-06
EV-00231,ANT-FRZ-0061,OUT_FOR_DELIVERY,OUT_FOR_DELIVERY,2026-09-18T16:03:00.000Z,,3,ANT-FRZ-0061-07
EV-00232,ANT-FRZ-0062,PICKED_UP,PICKED_UP,2026-09-18T15:10:00.000Z,,0,ANT-FRZ-0062-00
EV-00233,ANT-FRZ-0062,ARRIVED_HUB,AT_HUB,2026-09-18T16:02:00.000Z,JKT-UTR,1,ANT-FRZ-0062-01
EV-00234,ANT-FRZ-0063,PICKED_UP,PICKED_UP,2026-09-18T12:46:00.000Z,,0,ANT-FRZ-0063-00
EV-00235,ANT-FRZ-0063,ARRIVED_HUB,AT_HUB,2026-09-18T13:39:00.000Z,BGR,1,ANT-FRZ-0063-01
EV-00236,ANT-FRZ-0063,LEFT_HUB,IN_TRANSIT,2026-09-18T14:01:00.000Z,BGR,1,ANT-FRZ-0063-02
EV-00237,ANT-FRZ-0063,ARRIVED_HUB,AT_HUB,2026-09-18T14:57:00.000Z,TGR,2,ANT-FRZ-0063-03
EV-00238,ANT-FRZ-0063,LEFT_HUB,IN_TRANSIT,2026-09-18T15:20:00.000Z,TGR,2,ANT-FRZ-0063-04
EV-00239,ANT-FRZ-0063,OUT_FOR_DELIVERY,OUT_FOR_DELIVERY,2026-09-18T16:01:00.000Z,,2,ANT-FRZ-0063-05
EV-00240,ANT-FRZ-0064,PICKED_UP,PICKED_UP,2026-09-18T15:06:00.000Z,,0,ANT-FRZ-0064-00
EV-00241,ANT-FRZ-0064,ARRIVED_HUB,AT_HUB,2026-09-18T16:00:00.000Z,BKS,1,ANT-FRZ-0064-01
EV-00242,ANT-FRZ-0065,PICKED_UP,PICKED_UP,2026-09-18T11:38:00.000Z,,0,ANT-FRZ-0065-00
EV-00243,ANT-FRZ-0065,ARRIVED_HUB,AT_HUB,2026-09-18T12:33:00.000Z,JKT-BRT,1,ANT-FRZ-0065-01
EV-00244,ANT-FRZ-0065,LEFT_HUB,IN_TRANSIT,2026-09-18T12:57:00.000Z,JKT-BRT,1,ANT-FRZ-0065-02
EV-00245,ANT-FRZ-0065,ARRIVED_HUB,AT_HUB,2026-09-18T13:55:00.000Z,JKT-TMR,2,ANT-FRZ-0065-03
EV-00246,ANT-FRZ-0065,LEFT_HUB,IN_TRANSIT,2026-09-18T14:20:00.000Z,JKT-TMR,2,ANT-FRZ-0065-04
EV-00247,ANT-FRZ-0065,OUT_FOR_DELIVERY,OUT_FOR_DELIVERY,2026-09-18T15:03:00.000Z,,2,ANT-FRZ-0065-05
EV-00248,ANT-FRZ-0065,DELIVERED,DELIVERED,2026-09-18T15:59:00.000Z,,3,ANT-FRZ-0065-06
EV-00249,ANT-FRZ-0066,PICKED_UP,PICKED_UP,2026-09-18T12:10:00.000Z,,0,ANT-FRZ-0066-00
EV-00250,ANT-FRZ-0066,ARRIVED_HUB,AT_HUB,2026-09-18T13:06:00.000Z,BKS,1,ANT-FRZ-0066-01
EV-00251,ANT-FRZ-0066,LEFT_HUB,IN_TRANSIT,2026-09-18T13:31:00.000Z,BKS,1,ANT-FRZ-0066-02
EV-00252,ANT-FRZ-0066,ARRIVED_HUB,AT_HUB,2026-09-18T14:30:00.000Z,TGR,2,ANT-FRZ-0066-03
EV-00253,ANT-FRZ-0066,LEFT_HUB,IN_TRANSIT,2026-09-18T14:56:00.000Z,TGR,2,ANT-FRZ-0066-04
EV-00254,ANT-FRZ-0066,ARRIVED_HUB,AT_HUB,2026-09-18T15:58:00.000Z,TGS,3,ANT-FRZ-0066-05
EV-00255,ANT-FRZ-0067,PICKED_UP,PICKED_UP,2026-09-18T11:24:00.000Z,,0,ANT-FRZ-0067-00
EV-00256,ANT-FRZ-0067,ARRIVED_HUB,AT_HUB,2026-09-18T12:21:00.000Z,TGR,1,ANT-FRZ-0067-01
EV-00257,ANT-FRZ-0067,LEFT_HUB,IN_TRANSIT,2026-09-18T12:47:00.000Z,TGR,1,ANT-FRZ-0067-02
EV-00258,ANT-FRZ-0067,ARRIVED_HUB,AT_HUB,2026-09-18T13:47:00.000Z,BGR,2,ANT-FRZ-0067-03
EV-00259,ANT-FRZ-0067,LEFT_HUB,IN_TRANSIT,2026-09-18T14:14:00.000Z,BGR,2,ANT-FRZ-0067-04
EV-00260,ANT-FRZ-0067,OUT_FOR_DELIVERY,OUT_FOR_DELIVERY,2026-09-18T14:59:00.000Z,,2,ANT-FRZ-0067-05
EV-00261,ANT-FRZ-0067,DELIVERED,DELIVERED,2026-09-18T15:57:00.000Z,,3,ANT-FRZ-0067-06
EV-00262,ANT-FRZ-0068,PICKED_UP,PICKED_UP,2026-09-18T14:31:00.000Z,,0,ANT-FRZ-0068-00
EV-00263,ANT-FRZ-0068,ARRIVED_HUB,AT_HUB,2026-09-18T15:29:00.000Z,JKT-TMR,1,ANT-FRZ-0068-01
EV-00264,ANT-FRZ-0068,LEFT_HUB,IN_TRANSIT,2026-09-18T15:56:00.000Z,JKT-TMR,1,ANT-FRZ-0068-02
EV-00265,ANT-FRZ-0069,PICKED_UP,PICKED_UP,2026-09-18T11:10:00.000Z,,0,ANT-FRZ-0069-00
EV-00266,ANT-FRZ-0069,ARRIVED_HUB,AT_HUB,2026-09-18T12:09:00.000Z,JKT-SLT,1,ANT-FRZ-0069-01
EV-00267,ANT-FRZ-0069,LEFT_HUB,IN_TRANSIT,2026-09-18T12:37:00.000Z,JKT-SLT,1,ANT-FRZ-0069-02
EV-00268,ANT-FRZ-0069,ARRIVED_HUB,AT_HUB,2026-09-18T13:39:00.000Z,JKT-PST,2,ANT-FRZ-0069-03
EV-00269,ANT-FRZ-0069,LEFT_HUB,IN_TRANSIT,2026-09-18T14:08:00.000Z,JKT-PST,2,ANT-FRZ-0069-04
EV-00270,ANT-FRZ-0069,OUT_FOR_DELIVERY,OUT_FOR_DELIVERY,2026-09-18T14:55:00.000Z,,2,ANT-FRZ-0069-05
EV-00271,ANT-FRZ-0069,DELIVERED,DELIVERED,2026-09-18T15:55:00.000Z,,3,ANT-FRZ-0069-06
EV-00272,ANT-FRZ-0070,PICKED_UP,PICKED_UP,2026-09-18T14:25:00.000Z,,0,ANT-FRZ-0070-00
EV-00273,ANT-FRZ-0070,ARRIVED_HUB,AT_HUB,2026-09-18T15:25:00.000Z,TGR,1,ANT-FRZ-0070-01
EV-00274,ANT-FRZ-0070,LEFT_HUB,IN_TRANSIT,2026-09-18T15:54:00.000Z,TGR,1,ANT-FRZ-0070-02
