assignment_id,awb,asset_code,asset_type,segment,started_at,ended_at
AS-00001,ANT-FRZ-0001,BAG-001,COOLER_BAG,PICKUP,2026-09-18T14:55:00.000Z,
AS-00002,ANT-FRZ-0002,BAG-002,COOLER_BAG,PICKUP,2026-09-18T14:55:00.000Z,2026-09-18T15:41:00.000Z
AS-00003,ANT-FRZ-0002,FREEZER-JKT-UTR,HUB_FREEZER,AT_HUB,2026-09-18T15:41:00.000Z,2026-09-18T16:02:00.000Z
AS-00004,ANT-FRZ-0002,BOX-02,MOBIL_BOX,IN_TRANSIT,2026-09-18T16:02:00.000Z,
AS-00005,ANT-FRZ-0003,BAG-003,COOLER_BAG,PICKUP,2026-09-18T14:49:00.000Z,
AS-00006,ANT-FRZ-0004,BAG-004,COOLER_BAG,PICKUP,2026-09-18T14:49:00.000Z,2026-09-18T15:37:00.000Z
AS-00007,ANT-FRZ-0004,FREEZER-BKS,HUB_FREEZER,AT_HUB,2026-09-18T15:37:00.000Z,2026-09-18T16:00:00.000Z
AS-00008,ANT-FRZ-0004,BOX-04,MOBIL_BOX,IN_TRANSIT,2026-09-18T16:00:00.000Z,
AS-00009,ANT-FRZ-0005,BAG-005,COOLER_BAG,PICKUP,2026-09-18T14:43:00.000Z,
AS-00010,ANT-FRZ-0006,BAG-006,COOLER_BAG,PICKUP,2026-09-18T11:21:00.000Z,2026-09-18T12:11:00.000Z
AS-00011,ANT-FRZ-0006,FREEZER-BKS,HUB_FREEZER,AT_HUB,2026-09-18T12:11:00.000Z,2026-09-18T12:36:00.000Z
AS-00012,ANT-FRZ-0006,BOX-06,MOBIL_BOX,IN_TRANSIT,2026-09-18T12:36:00.000Z,2026-09-18T13:29:00.000Z
AS-00013,ANT-FRZ-0006,FREEZER-TGR,HUB_FREEZER,AT_HUB,2026-09-18T13:29:00.000Z,2026-09-18T13:55:00.000Z
AS-00014,ANT-FRZ-0006,BOX-06,MOBIL_BOX,IN_TRANSIT,2026-09-18T13:55:00.000Z,2026-09-18T14:51:00.000Z
AS-00015,ANT-FRZ-0006,FREEZER-TGS,HUB_FREEZER,AT_HUB,2026-09-18T14:51:00.000Z,2026-09-18T15:18:00.000Z
AS-00016,ANT-FRZ-0006,BOX-06,MOBIL_BOX,IN_TRANSIT,2026-09-18T15:18:00.000Z,2026-09-18T15:58:00.000Z
AS-00017,ANT-FRZ-0006,BAG-006,COOLER_BAG,LAST_MILE,2026-09-18T15:58:00.000Z,
AS-00018,ANT-FRZ-0007,BAG-007,COOLER_BAG,PICKUP,2026-09-18T14:37:00.000Z,
AS-00019,ANT-FRZ-0008,BAG-008,COOLER_BAG,PICKUP,2026-09-18T13:55:00.000Z,2026-09-18T14:47:00.000Z
AS-00020,ANT-FRZ-0008,FREEZER-JKT-TMR,HUB_FREEZER,AT_HUB,2026-09-18T14:47:00.000Z,2026-09-18T15:14:00.000Z
AS-00021,ANT-FRZ-0008,BOX-02,MOBIL_BOX,IN_TRANSIT,2026-09-18T15:14:00.000Z,2026-09-18T15:56:00.000Z
AS-00022,ANT-FRZ-0008,BAG-008,COOLER_BAG,LAST_MILE,2026-09-18T15:56:00.000Z,
AS-00023,ANT-FRZ-0009,BAG-009,COOLER_BAG,PICKUP,2026-09-18T15:02:00.000Z,2026-09-18T15:55:00.000Z
AS-00024,ANT-FRZ-0009,FREEZER-JKT-SLT,HUB_FREEZER,AT_HUB,2026-09-18T15:55:00.000Z,
AS-00025,ANT-FRZ-0010,BAG-010,COOLER_BAG,PICKUP,2026-09-18T13:47:00.000Z,2026-09-18T14:41:00.000Z
AS-00026,ANT-FRZ-0010,FREEZER-TGR,HUB_FREEZER,AT_HUB,2026-09-18T14:41:00.000Z,2026-09-18T15:10:00.000Z
AS-00027,ANT-FRZ-0010,BOX-04,MOBIL_BOX,IN_TRANSIT,2026-09-18T15:10:00.000Z,2026-09-18T15:54:00.000Z
AS-00028,ANT-FRZ-0010,BAG-010,COOLER_BAG,LAST_MILE,2026-09-18T15:54:00.000Z,
AS-00029,ANT-FRZ-0011,BAG-011,COOLER_BAG,PICKUP,2026-09-18T13:30:00.000Z,2026-09-18T14:25:00.000Z
AS-00030,ANT-FRZ-0011,FREEZER-JKT-PST,HUB_FREEZER,AT_HUB,2026-09-18T14:25:00.000Z,2026-09-18T14:55:00.000Z
AS-00031,ANT-FRZ-0011,BOX-05,MOBIL_BOX,IN_TRANSIT,2026-09-18T14:55:00.000Z,2026-09-18T15:53:00.000Z
AS-00032,ANT-FRZ-0011,FREEZER-JKT-TMR,HUB_FREEZER,AT_HUB,2026-09-18T15:53:00.000Z,
AS-00033,ANT-FRZ-0012,BAG-012,COOLER_BAG,PICKUP,2026-09-18T12:33:00.000Z,2026-09-18T13:29:00.000Z
AS-00034,ANT-FRZ-0012,FREEZER-JKT-UTR,HUB_FREEZER,AT_HUB,2026-09-18T13:29:00.000Z,2026-09-18T14:00:00.000Z
AS-00035,ANT-FRZ-0012,BOX-06,MOBIL_BOX,IN_TRANSIT,2026-09-18T14:00:00.000Z,2026-09-18T14:46:00.000Z
AS-00036,ANT-FRZ-0012,BAG-012,COOLER_BAG,LAST_MILE,2026-09-18T14:46:00.000Z,2026-09-18T15:52:00.000Z
AS-00037,ANT-FRZ-0013,BAG-013,COOLER_BAG,PICKUP,2026-09-18T15:06:00.000Z,2026-09-18T16:03:00.000Z
AS-00038,ANT-FRZ-0013,FREEZER-BGR,HUB_FREEZER,AT_HUB,2026-09-18T16:03:00.000Z,
AS-00039,ANT-FRZ-0014,BAG-014,COOLER_BAG,PICKUP,2026-09-18T12:47:00.000Z,2026-09-18T13:45:00.000Z
AS-00040,ANT-FRZ-0014,FREEZER-BKS,HUB_FREEZER,AT_HUB,2026-09-18T13:45:00.000Z,2026-09-18T14:06:00.000Z
AS-00041,ANT-FRZ-0014,BOX-02,MOBIL_BOX,IN_TRANSIT,2026-09-18T14:06:00.000Z,2026-09-18T14:54:00.000Z
AS-00042,ANT-FRZ-0014,BAG-014,COOLER_BAG,LAST_MILE,2026-09-18T14:54:00.000Z,2026-09-18T16:02:00.000Z
AS-00043,ANT-FRZ-0015,BAG-015,COOLER_BAG,PICKUP,2026-09-18T14:40:00.000Z,2026-09-18T15:39:00.000Z
AS-00044,ANT-FRZ-0015,FREEZER-JKT-BRT,HUB_FREEZER,AT_HUB,2026-09-18T15:39:00.000Z,2026-09-18T16:01:00.000Z
AS-00045,ANT-FRZ-0015,BOX-03,MOBIL_BOX,IN_TRANSIT,2026-09-18T16:01:00.000Z,
AS-00046,ANT-FRZ-0016,BAG-016,COOLER_BAG,PICKUP,2026-09-18T10:29:00.000Z,2026-09-18T11:29:00.000Z
AS-00047,ANT-FRZ-0016,FREEZER-BKS,HUB_FREEZER,AT_HUB,2026-09-18T11:29:00.000Z,2026-09-18T11:52:00.000Z
AS-00048,ANT-FRZ-0016,BOX-04,MOBIL_BOX,IN_TRANSIT,2026-09-18T11:52:00.000Z,2026-09-18T12:37:00.000Z
AS-00049,ANT-FRZ-0016,FREEZER-TGR,HUB_FREEZER,AT_HUB,2026-09-18T12:37:00.000Z,2026-09-18T13:01:00.000Z
AS-00050,ANT-FRZ-0016,BOX-04,MOBIL_BOX,IN_TRANSIT,2026-09-18T13:01:00.000Z,2026-09-18T13:49:00.000Z
AS-00051,ANT-FRZ-0016,FREEZER-TGS,HUB_FREEZER,AT_HUB,2026-09-18T13:49:00.000Z,2026-09-18T14:14:00.000Z
AS-00052,ANT-FRZ-0016,BOX-04,MOBIL_BOX,IN_TRANSIT,2026-09-18T14:14:00.000Z,2026-09-18T14:50:00.000Z
AS-00053,ANT-FRZ-0016,BAG-016,COOLER_BAG,LAST_MILE,2026-09-18T14:50:00.000Z,2026-09-18T16:00:00.000Z
AS-00054,ANT-FRZ-0017,BAG-017,COOLER_BAG,PICKUP,2026-09-18T14:34:00.000Z,2026-09-18T15:35:00.000Z
AS-00055,ANT-FRZ-0017,FREEZER-TGR,HUB_FREEZER,AT_HUB,2026-09-18T15:35:00.000Z,2026-09-18T15:59:00.000Z
AS-00056,ANT-FRZ-0017,BOX-05,MOBIL_BOX,IN_TRANSIT,2026-09-18T15:59:00.000Z,
AS-00057,ANT-FRZ-0018,BAG-018,COOLER_BAG,PICKUP,2026-09-18T12:41:00.000Z,2026-09-18T13:43:00.000Z
AS-00058,ANT-FRZ-0018,FREEZER-JKT-TMR,HUB_FREEZER,AT_HUB,2026-09-18T13:43:00.000Z,2026-09-18T14:08:00.000Z
AS-00059,ANT-FRZ-0018,BOX-06,MOBIL_BOX,IN_TRANSIT,2026-09-18T14:08:00.000Z,2026-09-18T14:46:00.000Z
AS-00060,ANT-FRZ-0018,BAG-018,COOLER_BAG,LAST_MILE,2026-09-18T14:46:00.000Z,2026-09-18T15:58:00.000Z
AS-00061,ANT-FRZ-0019,BAG-019,COOLER_BAG,PICKUP,2026-09-18T14:46:00.000Z,2026-09-18T15:31:00.000Z
AS-00062,ANT-FRZ-0019,FREEZER-JKT-SLT,HUB_FREEZER,AT_HUB,2026-09-18T15:31:00.000Z,2026-09-18T15:57:00.000Z
AS-00063,ANT-FRZ-0019,BOX-01,MOBIL_BOX,IN_TRANSIT,2026-09-18T15:57:00.000Z,
AS-00064,ANT-FRZ-0020,BAG-020,COOLER_BAG,PICKUP,2026-09-18T14:46:00.000Z,
AS-00065,ANT-FRZ-0021,BAG-021,COOLER_BAG,PICKUP,2026-09-18T11:58:00.000Z,2026-09-18T12:45:00.000Z
AS-00066,ANT-FRZ-0021,FREEZER-JKT-PST,HUB_FREEZER,AT_HUB,2026-09-18T12:45:00.000Z,2026-09-18T13:13:00.000Z
AS-00067,ANT-FRZ-0021,BOX-03,MOBIL_BOX,IN_TRANSIT,2026-09-18T13:13:00.000Z,2026-09-18T14:03:00.000Z
AS-00068,ANT-FRZ-0021,FREEZER-JKT-TMR,HUB_FREEZER,AT_HUB,2026-09-18T14:03:00.000Z,2026-09-18T14:32:00.000Z
AS-00069,ANT-FRZ-0021,BOX-03,MOBIL_BOX,IN_TRANSIT,2026-09-18T14:32:00.000Z,2026-09-18T15:25:00.000Z
AS-00070,ANT-FRZ-0021,FREEZER-JKT-SLT,HUB_FREEZER,AT_HUB,2026-09-18T15:25:00.000Z,2026-09-18T15:55:00.000Z
AS-00071,ANT-FRZ-0021,BOX-03,MOBIL_BOX,IN_TRANSIT,2026-09-18T15:55:00.000Z,
AS-00072,ANT-FRZ-0022,BAG-022,COOLER_BAG,PICKUP,2026-09-18T14:40:00.000Z,
AS-00073,ANT-FRZ-0023,BAG-023,COOLER_BAG,PICKUP,2026-09-18T12:28:00.000Z,2026-09-18T13:17:00.000Z
AS-00074,ANT-FRZ-0023,FREEZER-BGR,HUB_FREEZER,AT_HUB,2026-09-18T13:17:00.000Z,2026-09-18T13:47:00.000Z
AS-00075,ANT-FRZ-0023,BOX-05,MOBIL_BOX,IN_TRANSIT,2026-09-18T13:47:00.000Z,2026-09-18T14:39:00.000Z
AS-00076,ANT-FRZ-0023,FREEZER-TGR,HUB_FREEZER,AT_HUB,2026-09-18T14:39:00.000Z,2026-09-18T15:10:00.000Z
AS-00077,ANT-FRZ-0023,BOX-05,MOBIL_BOX,IN_TRANSIT,2026-09-18T15:10:00.000Z,2026-09-18T15:53:00.000Z
AS-00078,ANT-FRZ-0023,BAG-023,COOLER_BAG,LAST_MILE,2026-09-18T15:53:00.000Z,
AS-00079,ANT-FRZ-0024,BAG-024,COOLER_BAG,PICKUP,2026-09-18T14:34:00.000Z,
AS-00080,ANT-FRZ-0025,BAG-025,COOLER_BAG,PICKUP,2026-09-18T12:52:00.000Z,2026-09-18T13:43:00.000Z
AS-00081,ANT-FRZ-0025,FREEZER-JKT-BRT,HUB_FREEZER,AT_HUB,2026-09-18T13:43:00.000Z,2026-09-18T14:03:00.000Z
AS-00082,ANT-FRZ-0025,BOX-01,MOBIL_BOX,IN_TRANSIT,2026-09-18T14:03:00.000Z,2026-09-18T14:57:00.000Z
AS-00083,ANT-FRZ-0025,FREEZER-JKT-TMR,HUB_FREEZER,AT_HUB,2026-09-18T14:57:00.000Z,2026-09-18T15:18:00.000Z
AS-00084,ANT-FRZ-0025,BOX-01,MOBIL_BOX,IN_TRANSIT,2026-09-18T15:18:00.000Z,2026-09-18T16:03:00.000Z
AS-00085,ANT-FRZ-0025,BAG-025,COOLER_BAG,LAST_MILE,2026-09-18T16:03:00.000Z,
AS-00086,ANT-FRZ-0026,BAG-026,COOLER_BAG,PICKUP,2026-09-18T13:54:00.000Z,2026-09-18T14:46:00.000Z
AS-00087,ANT-FRZ-0026,FREEZER-BKS,HUB_FREEZER,AT_HUB,2026-09-18T14:46:00.000Z,2026-09-18T15:07:00.000Z
AS-00088,ANT-FRZ-0026,BOX-02,MOBIL_BOX,IN_TRANSIT,2026-09-18T15:07:00.000Z,2026-09-18T16:02:00.000Z
AS-00089,ANT-FRZ-0026,FREEZER-TGR,HUB_FREEZER,AT_HUB,2026-09-18T16:02:00.000Z,
AS-00090,ANT-FRZ-0027,BAG-027,COOLER_BAG,PICKUP,2026-09-18T12:40:00.000Z,2026-09-18T13:33:00.000Z
AS-00091,ANT-FRZ-0027,FREEZER-TGR,HUB_FREEZER,AT_HUB,2026-09-18T13:33:00.000Z,2026-09-18T13:55:00.000Z
AS-00092,ANT-FRZ-0027,BOX-03,MOBIL_BOX,IN_TRANSIT,2026-09-18T13:55:00.000Z,2026-09-18T14:51:00.000Z
AS-00093,ANT-FRZ-0027,FREEZER-BGR,HUB_FREEZER,AT_HUB,2026-09-18T14:51:00.000Z,2026-09-18T15:14:00.000Z
AS-00094,ANT-FRZ-0027,BOX-03,MOBIL_BOX,IN_TRANSIT,2026-09-18T15:14:00.000Z,2026-09-18T16:01:00.000Z
AS-00095,ANT-FRZ-0027,BAG-027,COOLER_BAG,LAST_MILE,2026-09-18T16:01:00.000Z,
AS-00096,ANT-FRZ-0028,BAG-028,COOLER_BAG,PICKUP,2026-09-18T15:06:00.000Z,2026-09-18T16:00:00.000Z
AS-00097,ANT-FRZ-0028,FREEZER-JKT-TMR,HUB_FREEZER,AT_HUB,2026-09-18T16:00:00.000Z,
AS-00098,ANT-FRZ-0029,BAG-029,COOLER_BAG,PICKUP,2026-09-18T11:40:00.000Z,2026-09-18T12:35:00.000Z
AS-00099,ANT-FRZ-0029,FREEZER-JKT-SLT,HUB_FREEZER,AT_HUB,2026-09-18T12:35:00.000Z,2026-09-18T12:59:00.000Z
AS-00100,ANT-FRZ-0029,BOX-05,MOBIL_BOX,IN_TRANSIT,2026-09-18T12:59:00.000Z,2026-09-18T13:57:00.000Z
AS-00101,ANT-FRZ-0029,FREEZER-JKT-PST,HUB_FREEZER,AT_HUB,2026-09-18T13:57:00.000Z,2026-09-18T14:22:00.000Z
AS-00102,ANT-FRZ-0029,BOX-05,MOBIL_BOX,IN_TRANSIT,2026-09-18T14:22:00.000Z,2026-09-18T14:57:00.000Z
AS-00103,ANT-FRZ-0029,BAG-029,COOLER_BAG,LAST_MILE,2026-09-18T14:57:00.000Z,2026-09-18T15:59:00.000Z
AS-00104,ANT-FRZ-0030,BAG-030,COOLER_BAG,PICKUP,2026-09-18T15:02:00.000Z,2026-09-18T15:58:00.000Z
AS-00105,ANT-FRZ-0030,FREEZER-TGR,HUB_FREEZER,AT_HUB,2026-09-18T15:58:00.000Z,
AS-00106,ANT-FRZ-0031,BAG-031,COOLER_BAG,PICKUP,2026-09-18T10:13:00.000Z,2026-09-18T11:10:00.000Z
AS-00107,ANT-FRZ-0031,FREEZER-JKT-PST,HUB_FREEZER,AT_HUB,2026-09-18T11:10:00.000Z,2026-09-18T11:36:00.000Z
AS-00108,ANT-FRZ-0031,BOX-01,MOBIL_BOX,IN_TRANSIT,2026-09-18T11:36:00.000Z,2026-09-18T12:36:00.000Z
AS-00109,ANT-FRZ-0031,FREEZER-JKT-TMR,HUB_FREEZER,AT_HUB,2026-09-18T12:36:00.000Z,2026-09-18T13:03:00.000Z
AS-00110,ANT-FRZ-0031,BOX-01,MOBIL_BOX,IN_TRANSIT,2026-09-18T13:03:00.000Z,2026-09-18T13:48:00.000Z
AS-00111,ANT-FRZ-0031,FREEZER-JKT-SLT,HUB_FREEZER,AT_HUB,2026-09-18T13:48:00.000Z,2026-09-18T14:16:00.000Z
AS-00112,ANT-FRZ-0031,BOX-01,MOBIL_BOX,IN_TRANSIT,2026-09-18T14:16:00.000Z,2026-09-18T14:53:00.000Z
AS-00113,ANT-FRZ-0031,BAG-031,COOLER_BAG,LAST_MILE,2026-09-18T14:53:00.000Z,2026-09-18T15:57:00.000Z
AS-00114,ANT-FRZ-0032,BAG-032,COOLER_BAG,PICKUP,2026-09-18T14:58:00.000Z,2026-09-18T15:56:00.000Z
AS-00115,ANT-FRZ-0032,FREEZER-JKT-UTR,HUB_FREEZER,AT_HUB,2026-09-18T15:56:00.000Z,
AS-00116,ANT-FRZ-0033,BAG-033,COOLER_BAG,PICKUP,2026-09-18T11:12:00.000Z,2026-09-18T12:11:00.000Z
AS-00117,ANT-FRZ-0033,FREEZER-BGR,HUB_FREEZER,AT_HUB,2026-09-18T12:11:00.000Z,2026-09-18T12:39:00.000Z
AS-00118,ANT-FRZ-0033,BOX-03,MOBIL_BOX,IN_TRANSIT,2026-09-18T12:39:00.000Z,2026-09-18T13:41:00.000Z
AS-00119,ANT-FRZ-0033,FREEZER-TGR,HUB_FREEZER,AT_HUB,2026-09-18T13:41:00.000Z,2026-09-18T14:10:00.000Z
AS-00120,ANT-FRZ-0033,BOX-03,MOBIL_BOX,IN_TRANSIT,2026-09-18T14:10:00.000Z,2026-09-18T14:49:00.000Z
AS-00121,ANT-FRZ-0033,BAG-033,COOLER_BAG,LAST_MILE,2026-09-18T14:49:00.000Z,2026-09-18T15:55:00.000Z
AS-00122,ANT-FRZ-0034,BAG-034,COOLER_BAG,PICKUP,2026-09-18T14:25:00.000Z,2026-09-18T15:25:00.000Z
AS-00123,ANT-FRZ-0034,FREEZER-BKS,HUB_FREEZER,AT_HUB,2026-09-18T15:25:00.000Z,2026-09-18T15:54:00.000Z
AS-00124,ANT-FRZ-0034,BOX-04,MOBIL_BOX,IN_TRANSIT,2026-09-18T15:54:00.000Z,
AS-00125,ANT-FRZ-0035,BAG-035,COOLER_BAG,PICKUP,2026-09-18T11:16:00.000Z,2026-09-18T12:17:00.000Z
AS-00126,ANT-FRZ-0035,FREEZER-JKT-BRT,HUB_FREEZER,AT_HUB,2026-09-18T12:17:00.000Z,2026-09-18T12:47:00.000Z
AS-00127,ANT-FRZ-0035,BOX-05,MOBIL_BOX,IN_TRANSIT,2026-09-18T12:47:00.000Z,2026-09-18T13:33:00.000Z
AS-00128,ANT-FRZ-0035,FREEZER-JKT-TMR,HUB_FREEZER,AT_HUB,2026-09-18T13:33:00.000Z,2026-09-18T14:04:00.000Z
AS-00129,ANT-FRZ-0035,BOX-05,MOBIL_BOX,IN_TRANSIT,2026-09-18T14:04:00.000Z,2026-09-18T14:45:00.000Z
AS-00130,ANT-FRZ-0035,BAG-035,COOLER_BAG,LAST_MILE,2026-09-18T14:45:00.000Z,2026-09-18T15:53:00.000Z
AS-00131,ANT-FRZ-0036,BAG-036,COOLER_BAG,PICKUP,2026-09-18T12:01:00.000Z,2026-09-18T13:03:00.000Z
AS-00132,ANT-FRZ-0036,FREEZER-BKS,HUB_FREEZER,AT_HUB,2026-09-18T13:03:00.000Z,2026-09-18T13:34:00.000Z
AS-00133,ANT-FRZ-0036,BOX-06,MOBIL_BOX,IN_TRANSIT,2026-09-18T13:34:00.000Z,2026-09-18T14:21:00.000Z
AS-00134,ANT-FRZ-0036,FREEZER-TGR,HUB_FREEZER,AT_HUB,2026-09-18T14:21:00.000Z,2026-09-18T14:41:00.000Z
AS-00135,ANT-FRZ-0036,BOX-06,MOBIL_BOX,IN_TRANSIT,2026-09-18T14:41:00.000Z,2026-09-18T15:31:00.000Z
AS-00136,ANT-FRZ-0036,FREEZER-TGS,HUB_FREEZER,AT_HUB,2026-09-18T15:31:00.000Z,2026-09-18T15:52:00.000Z
AS-00137,ANT-FRZ-0036,BOX-06,MOBIL_BOX,IN_TRANSIT,2026-09-18T15:52:00.000Z,
AS-00138,ANT-FRZ-0037,BAG-037,COOLER_BAG,PICKUP,2026-09-18T14:43:00.000Z,
AS-00139,ANT-FRZ-0038,BAG-038,COOLER_BAG,PICKUP,2026-09-18T14:55:00.000Z,2026-09-18T15:41:00.000Z
AS-00140,ANT-FRZ-0038,FREEZER-JKT-TMR,HUB_FREEZER,AT_HUB,2026-09-18T15:41:00.000Z,2026-09-18T16:02:00.000Z
AS-00141,ANT-FRZ-0038,BOX-02,MOBIL_BOX,IN_TRANSIT,2026-09-18T16:02:00.000Z,
AS-00142,ANT-FRZ-0039,BAG-039,COOLER_BAG,PICKUP,2026-09-18T16:01:00.000Z,
AS-00143,ANT-FRZ-0040,BAG-040,COOLER_BAG,PICKUP,2026-09-18T14:03:00.000Z,2026-09-18T14:51:00.000Z
AS-00144,ANT-FRZ-0040,FREEZER-TGR,HUB_FREEZER,AT_HUB,2026-09-18T14:51:00.000Z,2026-09-18T15:14:00.000Z
AS-00145,ANT-FRZ-0040,BOX-04,MOBIL_BOX,IN_TRANSIT,2026-09-18T15:14:00.000Z,2026-09-18T16:00:00.000Z
AS-00146,ANT-FRZ-0040,BAG-040,COOLER_BAG,LAST_MILE,2026-09-18T16:00:00.000Z,
AS-00147,ANT-FRZ-0041,BAG-041,COOLER_BAG,PICKUP,2026-09-18T15:59:00.000Z,
AS-00148,ANT-FRZ-0042,BAG-042,COOLER_BAG,PICKUP,2026-09-18T13:55:00.000Z,2026-09-18T14:45:00.000Z
AS-00149,ANT-FRZ-0042,FREEZER-JKT-UTR,HUB_FREEZER,AT_HUB,2026-09-18T14:45:00.000Z,2026-09-18T15:10:00.000Z
AS-00150,ANT-FRZ-0042,BOX-06,MOBIL_BOX,IN_TRANSIT,2026-09-18T15:10:00.000Z,2026-09-18T15:58:00.000Z
AS-00151,ANT-FRZ-0042,BAG-042,COOLER_BAG,LAST_MILE,2026-09-18T15:58:00.000Z,
AS-00152,ANT-FRZ-0043,BAG-043,COOLER_BAG,PICKUP,2026-09-18T15:06:00.000Z,2026-09-18T15:57:00.000Z
AS-00153,ANT-FRZ-0043,FREEZER-BGR,HUB_FREEZER,AT_HUB,2026-09-18T15:57:00.000Z,
AS-00154,ANT-FRZ-0044,BAG-044,COOLER_BAG,PICKUP,2026-09-18T14:01:00.000Z,2026-09-18T14:53:00.000Z
AS-00155,ANT-FRZ-0044,FREEZER-BKS,HUB_FREEZER,AT_HUB,2026-09-18T14:53:00.000Z,2026-09-18T15:20:00.000Z
AS-00156,ANT-FRZ-0044,BOX-02,MOBIL_BOX,IN_TRANSIT,2026-09-18T15:20:00.000Z,2026-09-18T15:56:00.000Z
AS-00157,ANT-FRZ-0044,BAG-044,COOLER_BAG,LAST_MILE,2026-09-18T15:56:00.000Z,
AS-00158,ANT-FRZ-0045,BAG-045,COOLER_BAG,PICKUP,2026-09-18T15:02:00.000Z,2026-09-18T15:55:00.000Z
AS-00159,ANT-FRZ-0045,FREEZER-JKT-BRT,HUB_FREEZER,AT_HUB,2026-09-18T15:55:00.000Z,
AS-00160,ANT-FRZ-0046,BAG-046,COOLER_BAG,PICKUP,2026-09-18T10:55:00.000Z,2026-09-18T11:49:00.000Z
AS-00161,ANT-FRZ-0046,FREEZER-BKS,HUB_FREEZER,AT_HUB,2026-09-18T11:49:00.000Z,2026-09-18T12:18:00.000Z
AS-00162,ANT-FRZ-0046,BOX-04,MOBIL_BOX,IN_TRANSIT,2026-09-18T12:18:00.000Z,2026-09-18T13:15:00.000Z
AS-00163,ANT-FRZ-0046,FREEZER-TGR,HUB_FREEZER,AT_HUB,2026-09-18T13:15:00.000Z,2026-09-18T13:45:00.000Z
AS-00164,ANT-FRZ-0046,BOX-04,MOBIL_BOX,IN_TRANSIT,2026-09-18T13:45:00.000Z,2026-09-18T14:45:00.000Z
AS-00165,ANT-FRZ-0046,FREEZER-TGS,HUB_FREEZER,AT_HUB,2026-09-18T14:45:00.000Z,2026-09-18T15:16:00.000Z
AS-00166,ANT-FRZ-0046,BOX-04,MOBIL_BOX,IN_TRANSIT,2026-09-18T15:16:00.000Z,2026-09-18T15:54:00.000Z
AS-00167,ANT-FRZ-0046,BAG-046,COOLER_BAG,LAST_MILE,2026-09-18T15:54:00.000Z,
AS-00168,ANT-FRZ-0047,BAG-047,COOLER_BAG,PICKUP,2026-09-18T14:58:00.000Z,2026-09-18T15:53:00.000Z
AS-00169,ANT-FRZ-0047,FREEZER-TGR,HUB_FREEZER,AT_HUB,2026-09-18T15:53:00.000Z,
AS-00170,ANT-FRZ-0048,BAG-048,COOLER_BAG,PICKUP,2026-09-18T12:45:00.000Z,2026-09-18T13:41:00.000Z
AS-00171,ANT-FRZ-0048,FREEZER-JKT-TMR,HUB_FREEZER,AT_HUB,2026-09-18T13:41:00.000Z,2026-09-18T14:12:00.000Z
AS-00172,ANT-FRZ-0048,BOX-06,MOBIL_BOX,IN_TRANSIT,2026-09-18T14:12:00.000Z,2026-09-18T14:52:00.000Z
AS-00173,ANT-FRZ-0048,BAG-048,COOLER_BAG,LAST_MILE,2026-09-18T14:52:00.000Z,2026-09-18T15:52:00.000Z
AS-00174,ANT-FRZ-0049,BAG-049,COOLER_BAG,PICKUP,2026-09-18T15:06:00.000Z,2026-09-18T16:03:00.000Z
AS-00175,ANT-FRZ-0049,FREEZER-JKT-SLT,HUB_FREEZER,AT_HUB,2026-09-18T16:03:00.000Z,
AS-00176,ANT-FRZ-0050,BAG-050,COOLER_BAG,PICKUP,2026-09-18T12:59:00.000Z,2026-09-18T13:57:00.000Z
AS-00177,ANT-FRZ-0050,FREEZER-TGR,HUB_FREEZER,AT_HUB,2026-09-18T13:57:00.000Z,2026-09-18T14:18:00.000Z
AS-00178,ANT-FRZ-0050,BOX-02,MOBIL_BOX,IN_TRANSIT,2026-09-18T14:18:00.000Z,2026-09-18T15:00:00.000Z
AS-00179,ANT-FRZ-0050,BAG-050,COOLER_BAG,LAST_MILE,2026-09-18T15:00:00.000Z,2026-09-18T16:02:00.000Z
AS-00180,ANT-FRZ-0051,BAG-051,COOLER_BAG,PICKUP,2026-09-18T12:04:00.000Z,2026-09-18T13:03:00.000Z
AS-00181,ANT-FRZ-0051,FREEZER-JKT-PST,HUB_FREEZER,AT_HUB,2026-09-18T13:03:00.000Z,2026-09-18T13:25:00.000Z
AS-00182,ANT-FRZ-0051,BOX-03,MOBIL_BOX,IN_TRANSIT,2026-09-18T13:25:00.000Z,2026-09-18T14:27:00.000Z
AS-00183,ANT-FRZ-0051,FREEZER-JKT-TMR,HUB_FREEZER,AT_HUB,2026-09-18T14:27:00.000Z,2026-09-18T14:50:00.000Z
AS-00184,ANT-FRZ-0051,BOX-03,MOBIL_BOX,IN_TRANSIT,2026-09-18T14:50:00.000Z,2026-09-18T15:37:00.000Z
AS-00185,ANT-FRZ-0051,FREEZER-JKT-SLT,HUB_FREEZER,AT_HUB,2026-09-18T15:37:00.000Z,2026-09-18T16:01:00.000Z
AS-00186,ANT-FRZ-0051,BOX-03,MOBIL_BOX,IN_TRANSIT,2026-09-18T16:01:00.000Z,
AS-00187,ANT-FRZ-0052,BAG-052,COOLER_BAG,PICKUP,2026-09-18T12:49:00.000Z,2026-09-18T13:49:00.000Z
AS-00188,ANT-FRZ-0052,FREEZER-JKT-UTR,HUB_FREEZER,AT_HUB,2026-09-18T13:49:00.000Z,2026-09-18T14:12:00.000Z
AS-00189,ANT-FRZ-0052,BOX-04,MOBIL_BOX,IN_TRANSIT,2026-09-18T14:12:00.000Z,2026-09-18T14:56:00.000Z
AS-00190,ANT-FRZ-0052,BAG-052,COOLER_BAG,LAST_MILE,2026-09-18T14:56:00.000Z,2026-09-18T16:00:00.000Z
AS-00191,ANT-FRZ-0053,BAG-053,COOLER_BAG,PICKUP,2026-09-18T14:34:00.000Z,2026-09-18T15:35:00.000Z
AS-00192,ANT-FRZ-0053,FREEZER-BGR,HUB_FREEZER,AT_HUB,2026-09-18T15:35:00.000Z,2026-09-18T15:59:00.000Z
AS-00193,ANT-FRZ-0053,BOX-05,MOBIL_BOX,IN_TRANSIT,2026-09-18T15:59:00.000Z,
AS-00194,ANT-FRZ-0054,BAG-054,COOLER_BAG,PICKUP,2026-09-18T15:58:00.000Z,
AS-00195,ANT-FRZ-0055,BAG-055,COOLER_BAG,PICKUP,2026-09-18T14:46:00.000Z,2026-09-18T15:31:00.000Z
AS-00196,ANT-FRZ-0055,FREEZER-JKT-BRT,HUB_FREEZER,AT_HUB,2026-09-18T15:31:00.000Z,2026-09-18T15:57:00.000Z
AS-00197,ANT-FRZ-0055,BOX-01,MOBIL_BOX,IN_TRANSIT,2026-09-18T15:57:00.000Z,
AS-00198,ANT-FRZ-0056,BAG-056,COOLER_BAG,PICKUP,2026-09-18T15:56:00.000Z,
AS-00199,ANT-FRZ-0057,BAG-057,COOLER_BAG,PICKUP,2026-09-18T12:46:00.000Z,2026-09-18T13:33:00.000Z
AS-00200,ANT-FRZ-0057,FREEZER-TGR,HUB_FREEZER,AT_HUB,2026-09-18T13:33:00.000Z,2026-09-18T14:01:00.000Z
AS-00201,ANT-FRZ-0057,BOX-03,MOBIL_BOX,IN_TRANSIT,2026-09-18T14:01:00.000Z,2026-09-18T14:51:00.000Z
AS-00202,ANT-FRZ-0057,FREEZER-BGR,HUB_FREEZER,AT_HUB,2026-09-18T14:51:00.000Z,2026-09-18T15:20:00.000Z
AS-00203,ANT-FRZ-0057,BOX-03,MOBIL_BOX,IN_TRANSIT,2026-09-18T15:20:00.000Z,2026-09-18T15:55:00.000Z
AS-00204,ANT-FRZ-0057,BAG-057,COOLER_BAG,LAST_MILE,2026-09-18T15:55:00.000Z,
AS-00205,ANT-FRZ-0058,BAG-058,COOLER_BAG,PICKUP,2026-09-18T15:54:00.000Z,
AS-00206,ANT-FRZ-0059,BAG-059,COOLER_BAG,PICKUP,2026-09-18T12:34:00.000Z,2026-09-18T13:23:00.000Z
AS-00207,ANT-FRZ-0059,FREEZER-JKT-SLT,HUB_FREEZER,AT_HUB,2026-09-18T13:23:00.000Z,2026-09-18T13:53:00.000Z
AS-00208,ANT-FRZ-0059,BOX-05,MOBIL_BOX,IN_TRANSIT,2026-09-18T13:53:00.000Z,2026-09-18T14:45:00.000Z
AS-00209,ANT-FRZ-0059,FREEZER-JKT-PST,HUB_FREEZER,AT_HUB,2026-09-18T14:45:00.000Z,2026-09-18T15:16:00.000Z
AS-00210,ANT-FRZ-0059,BOX-05,MOBIL_BOX,IN_TRANSIT,2026-09-18T15:16:00.000Z,2026-09-18T15:53:00.000Z
AS-00211,ANT-FRZ-0059,BAG-059,COOLER_BAG,LAST_MILE,2026-09-18T15:53:00.000Z,
AS-00212,ANT-FRZ-0060,BAG-060,COOLER_BAG,PICKUP,2026-09-18T15:52:00.000Z,
AS-00213,ANT-FRZ-0061,BAG-061,COOLER_BAG,PICKUP,2026-09-18T11:39:00.000Z,2026-09-18T12:30:00.000Z
AS-00214,ANT-FRZ-0061,FREEZER-JKT-PST,HUB_FREEZER,AT_HUB,2026-09-18T12:30:00.000Z,2026-09-18T12:50:00.000Z
AS-00215,ANT-FRZ-0061,BOX-01,MOBIL_BOX,IN_TRANSIT,2026-09-18T12:50:00.000Z,2026-09-18T13:44:00.000Z
AS-00216,ANT-FRZ-0061,FREEZER-JKT-TMR,HUB_FREEZER,AT_HUB,2026-09-18T13:44:00.000Z,2026-09-18T14:05:00.000Z
AS-00217,ANT-FRZ-0061,BOX-01,MOBIL_BOX,IN_TRANSIT,2026-09-18T14:05:00.000Z,2026-09-18T15:02:00.000Z
AS-00218,ANT-FRZ-0061,FREEZER-JKT-SLT,HUB_FREEZER,AT_HUB,2026-09-18T15:02:00.000Z,2026-09-18T15:24:00.000Z
AS-00219,ANT-FRZ-0061,BOX-01,MOBIL_BOX,IN_TRANSIT,2026-09-18T15:24:00.000Z,2026-09-18T16:03:00.000Z
AS-00220,ANT-FRZ-0061,BAG-061,COOLER_BAG,LAST_MILE,2026-09-18T16:03:00.000Z,
AS-00221,ANT-FRZ-0062,BAG-062,COOLER_BAG,PICKUP,2026-09-18T15:10:00.000Z,2026-09-18T16:02:00.000Z
AS-00222,ANT-FRZ-0062,FREEZER-JKT-UTR,HUB_FREEZER,AT_HUB,2026-09-18T16:02:00.000Z,
AS-00223,ANT-FRZ-0063,BAG-063,COOLER_BAG,PICKUP,2026-09-18T12:46:00.000Z,2026-09-18T13:39:00.000Z
AS-00224,ANT-FRZ-0063,FREEZER-BGR,HUB_FREEZER,AT_HUB,2026-09-18T13:39:00.000Z,2026-09-18T14:01:00.000Z
AS-00225,ANT-FRZ-0063,BOX-03,MOBIL_BOX,IN_TRANSIT,2026-09-18T14:01:00.000Z,2026-09-18T14:57:00.000Z
AS-00226,ANT-FRZ-0063,FREEZER-TGR,HUB_FREEZER,AT_HUB,2026-09-18T14:57:00.000Z,2026-09-18T15:20:00.000Z
AS-00227,ANT-FRZ-0063,BOX-03,MOBIL_BOX,IN_TRANSIT,2026-09-18T15:20:00.000Z,2026-09-18T16:01:00.000Z
AS-00228,ANT-FRZ-0063,BAG-063,COOLER_BAG,LAST_MILE,2026-09-18T16:01:00.000Z,
AS-00229,ANT-FRZ-0064,BAG-064,COOLER_BAG,PICKUP,2026-09-18T15:06:00.000Z,2026-09-18T16:00:00.000Z
AS-00230,ANT-FRZ-0064,FREEZER-BKS,HUB_FREEZER,AT_HUB,2026-09-18T16:00:00.000Z,
AS-00231,ANT-FRZ-0065,BAG-065,COOLER_BAG,PICKUP,2026-09-18T11:38:00.000Z,2026-09-18T12:33:00.000Z
AS-00232,ANT-FRZ-0065,FREEZER-JKT-BRT,HUB_FREEZER,AT_HUB,2026-09-18T12:33:00.000Z,2026-09-18T12:57:00.000Z
AS-00233,ANT-FRZ-0065,BOX-05,MOBIL_BOX,IN_TRANSIT,2026-09-18T12:57:00.000Z,2026-09-18T13:55:00.000Z
AS-00234,ANT-FRZ-0065,FREEZER-JKT-TMR,HUB_FREEZER,AT_HUB,2026-09-18T13:55:00.000Z,2026-09-18T14:20:00.000Z
AS-00235,ANT-FRZ-0065,BOX-05,MOBIL_BOX,IN_TRANSIT,2026-09-18T14:20:00.000Z,2026-09-18T15:03:00.000Z
AS-00236,ANT-FRZ-0065,BAG-065,COOLER_BAG,LAST_MILE,2026-09-18T15:03:00.000Z,2026-09-18T15:59:00.000Z
AS-00237,ANT-FRZ-0066,BAG-066,COOLER_BAG,PICKUP,2026-09-18T12:10:00.000Z,2026-09-18T13:06:00.000Z
AS-00238,ANT-FRZ-0066,FREEZER-BKS,HUB_FREEZER,AT_HUB,2026-09-18T13:06:00.000Z,2026-09-18T13:31:00.000Z
AS-00239,ANT-FRZ-0066,BOX-06,MOBIL_BOX,IN_TRANSIT,2026-09-18T13:31:00.000Z,2026-09-18T14:30:00.000Z
AS-00240,ANT-FRZ-0066,FREEZER-TGR,HUB_FREEZER,AT_HUB,2026-09-18T14:30:00.000Z,2026-09-18T14:56:00.000Z
AS-00241,ANT-FRZ-0066,BOX-06,MOBIL_BOX,IN_TRANSIT,2026-09-18T14:56:00.000Z,2026-09-18T15:58:00.000Z
AS-00242,ANT-FRZ-0066,FREEZER-TGS,HUB_FREEZER,AT_HUB,2026-09-18T15:58:00.000Z,
AS-00243,ANT-FRZ-0067,BAG-067,COOLER_BAG,PICKUP,2026-09-18T11:24:00.000Z,2026-09-18T12:21:00.000Z
AS-00244,ANT-FRZ-0067,FREEZER-TGR,HUB_FREEZER,AT_HUB,2026-09-18T12:21:00.000Z,2026-09-18T12:47:00.000Z
AS-00245,ANT-FRZ-0067,BOX-01,MOBIL_BOX,IN_TRANSIT,2026-09-18T12:47:00.000Z,2026-09-18T13:47:00.000Z
AS-00246,ANT-FRZ-0067,FREEZER-BGR,HUB_FREEZER,AT_HUB,2026-09-18T13:47:00.000Z,2026-09-18T14:14:00.000Z
AS-00247,ANT-FRZ-0067,BOX-01,MOBIL_BOX,IN_TRANSIT,2026-09-18T14:14:00.000Z,2026-09-18T14:59:00.000Z
AS-00248,ANT-FRZ-0067,BAG-067,COOLER_BAG,LAST_MILE,2026-09-18T14:59:00.000Z,2026-09-18T15:57:00.000Z
AS-00249,ANT-FRZ-0068,BAG-068,COOLER_BAG,PICKUP,2026-09-18T14:31:00.000Z,2026-09-18T15:29:00.000Z
AS-00250,ANT-FRZ-0068,FREEZER-JKT-TMR,HUB_FREEZER,AT_HUB,2026-09-18T15:29:00.000Z,2026-09-18T15:56:00.000Z
AS-00251,ANT-FRZ-0068,BOX-02,MOBIL_BOX,IN_TRANSIT,2026-09-18T15:56:00.000Z,
AS-00252,ANT-FRZ-0069,BAG-069,COOLER_BAG,PICKUP,2026-09-18T11:10:00.000Z,2026-09-18T12:09:00.000Z
AS-00253,ANT-FRZ-0069,FREEZER-JKT-SLT,HUB_FREEZER,AT_HUB,2026-09-18T12:09:00.000Z,2026-09-18T12:37:00.000Z
AS-00254,ANT-FRZ-0069,BOX-03,MOBIL_BOX,IN_TRANSIT,2026-09-18T12:37:00.000Z,2026-09-18T13:39:00.000Z
AS-00255,ANT-FRZ-0069,FREEZER-JKT-PST,HUB_FREEZER,AT_HUB,2026-09-18T13:39:00.000Z,2026-09-18T14:08:00.000Z
AS-00256,ANT-FRZ-0069,BOX-03,MOBIL_BOX,IN_TRANSIT,2026-09-18T14:08:00.000Z,2026-09-18T14:55:00.000Z
AS-00257,ANT-FRZ-0069,BAG-069,COOLER_BAG,LAST_MILE,2026-09-18T14:55:00.000Z,2026-09-18T15:55:00.000Z
AS-00258,ANT-FRZ-0070,BAG-070,COOLER_BAG,PICKUP,2026-09-18T14:25:00.000Z,2026-09-18T15:25:00.000Z
AS-00259,ANT-FRZ-0070,FREEZER-TGR,HUB_FREEZER,AT_HUB,2026-09-18T15:25:00.000Z,2026-09-18T15:54:00.000Z
AS-00260,ANT-FRZ-0070,BOX-04,MOBIL_BOX,IN_TRANSIT,2026-09-18T15:54:00.000Z,
