awb,sender_name,recipient_name
ANT-FRZ-0001,Dapur Beku Nusantara,Ayu Pratama
ANT-FRZ-0002,PT Sumber Laut Segar,Ratna Dewi
ANT-FRZ-0003,Pangan Dingin Mandiri,Citra Pratama
ANT-FRZ-0004,Berkah Frozen Mart,Dimas Pratama
ANT-FRZ-0005,Gudang Rasa Beku,Eka Pratama
ANT-FRZ-0006,Toko Frozen Berkah,Dimas Pratama
ANT-FRZ-0007,Rumah Frozen Jakarta,Gilang Pratama
ANT-FRZ-0008,Mitra Pangan Beku,Hana Pratama
ANT-FRZ-0009,Citra Kuliner,Ayu Saputri
ANT-FRZ-0010,Sentra Seafood Beku,Jelita Pratama
ANT-FRZ-0011,Dapur Beku Nusantara,Ayu Wijaya
ANT-FRZ-0012,PT Pangan Nusantara,Sinta Wijaya
ANT-FRZ-0013,Pangan Dingin Mandiri,Citra Wijaya
ANT-FRZ-0014,Dapur Frozen Sejahtera,Maya Rahmani
ANT-FRZ-0015,Gudang Rasa Beku,Eka Wijaya
ANT-FRZ-0016,Kuliner Sejuk,Farah Wijaya
ANT-FRZ-0017,Rumah Frozen Jakarta,Gilang Wijaya
ANT-FRZ-0018,Mitra Pangan Beku,Hana Wijaya
ANT-FRZ-0019,Rasa Segar Indonesia,Indra Wijaya
ANT-FRZ-0020,Sentra Seafood Beku,Jelita Wijaya
ANT-FRZ-0021,Dapur Beku Nusantara,Ayu Saputri
ANT-FRZ-0022,Toko Laut Segar,Bima Saputri
ANT-FRZ-0023,Pangan Dingin Mandiri,Citra Saputri
ANT-FRZ-0024,Berkah Frozen Mart,Dimas Saputri
ANT-FRZ-0025,Gudang Rasa Beku,Eka Saputri
ANT-FRZ-0026,Kuliner Sejuk,Farah Saputri
ANT-FRZ-0027,Rumah Frozen Jakarta,Gilang Saputri
ANT-FRZ-0028,Mitra Pangan Beku,Hana Saputri
ANT-FRZ-0029,Rasa Segar Indonesia,Indra Saputri
ANT-FRZ-0030,Sentra Seafood Beku,Jelita Saputri
ANT-FRZ-0031,Dapur Beku Nusantara,Ayu Permata
ANT-FRZ-0032,Toko Laut Segar,Bima Permata
ANT-FRZ-0033,Pangan Dingin Mandiri,Citra Permata
ANT-FRZ-0034,Berkah Frozen Mart,Dimas Permata
ANT-FRZ-0035,Gudang Rasa Beku,Eka Permata
ANT-FRZ-0036,Kuliner Sejuk,Farah Permata
ANT-FRZ-0037,Rumah Frozen Jakarta,Gilang Permata
ANT-FRZ-0038,Mitra Pangan Beku,Hana Permata
ANT-FRZ-0039,Rasa Segar Indonesia,Indra Permata
ANT-FRZ-0040,Sentra Seafood Beku,Jelita Permata
ANT-FRZ-0041,Dapur Beku Nusantara,Ayu Kurniawan
ANT-FRZ-0042,Toko Laut Segar,Bima Kurniawan
ANT-FRZ-0043,Pangan Dingin Mandiri,Citra Kurniawan
ANT-FRZ-0044,Berkah Frozen Mart,Dimas Kurniawan
ANT-FRZ-0045,Gudang Rasa Beku,Eka Kurniawan
ANT-FRZ-0046,Kuliner Sejuk,Farah Kurniawan
ANT-FRZ-0047,Rumah Frozen Jakarta,Gilang Kurniawan
ANT-FRZ-0048,Mitra Pangan Beku,Hana Kurniawan
ANT-FRZ-0049,Rasa Segar Indonesia,Indra Kurniawan
ANT-FRZ-0050,Sentra Seafood Beku,Jelita Kurniawan
ANT-FRZ-0051,Dapur Beku Nusantara,Ayu Lestari
ANT-FRZ-0052,Toko Laut Segar,Bima Lestari
ANT-FRZ-0053,Pangan Dingin Mandiri,Citra Lestari
ANT-FRZ-0054,Berkah Frozen Mart,Dimas Lestari
ANT-FRZ-0055,Gudang Rasa Beku,Eka Lestari
ANT-FRZ-0056,Kuliner Sejuk,Farah Lestari
ANT-FRZ-0057,Rumah Frozen Jakarta,Gilang Lestari
ANT-FRZ-0058,Mitra Pangan Beku,Hana Lestari
ANT-FRZ-0059,Rasa Segar Indonesia,Indra Lestari
ANT-FRZ-0060,Sentra Seafood Beku,Jelita Lestari
ANT-FRZ-0061,Dapur Beku Nusantara,Ayu Rahmani
ANT-FRZ-0062,Toko Laut Segar,Bima Rahmani
ANT-FRZ-0063,Pangan Dingin Mandiri,Citra Rahmani
ANT-FRZ-0064,Berkah Frozen Mart,Dimas Rahmani
ANT-FRZ-0065,Gudang Rasa Beku,Eka Rahmani
ANT-FRZ-0066,Kuliner Sejuk,Farah Rahmani
ANT-FRZ-0067,Rumah Frozen Jakarta,Gilang Rahmani
ANT-FRZ-0068,Mitra Pangan Beku,Hana Rahmani
ANT-FRZ-0069,Rasa Segar Indonesia,Indra Rahmani
ANT-FRZ-0070,Sentra Seafood Beku,Jelita Rahmani
