reading_id,asset_code,source,message_id,request_id,trigger,observed_at,received_at,temperature_c,temperature_status
TR-00176,BAG-031,SEED,TEMP-00176,,SEED,2026-09-18T10:18:00.000Z,2026-09-18T10:19:00.000Z,-4.3,NORMAL
TR-00078,BAG-016,SEED,TEMP-00078,,SEED,2026-09-18T10:34:00.000Z,2026-09-18T10:35:00.000Z,-1.3,WARNING
TR-00177,BAG-031,SEED,TEMP-00177,,SEED,2026-09-18T10:48:00.000Z,2026-09-18T10:49:00.000Z,-4.6,NORMAL
TR-00260,BAG-046,SEED,TEMP-00260,,SEED,2026-09-18T11:00:00.000Z,2026-09-18T11:01:00.000Z,-1.3,WARNING
TR-00079,BAG-016,SEED,TEMP-00079,,SEED,2026-09-18T11:04:00.000Z,2026-09-18T11:05:00.000Z,-5.4,NORMAL
TR-00388,BAG-069,SEED,TEMP-00388,,SEED,2026-09-18T11:15:00.000Z,2026-09-18T11:16:00.000Z,-4.4,NORMAL
TR-00178,FREEZER-JKT-PST,SEED,TEMP-00178,,SEED,2026-09-18T11:15:00.000Z,2026-09-18T11:16:00.000Z,-3.5,NORMAL
TR-00192,BAG-033,SEED,TEMP-00192,,SEED,2026-09-18T11:17:00.000Z,2026-09-18T11:18:00.000Z,-4.4,NORMAL
TR-00207,BAG-035,SEED,TEMP-00207,,SEED,2026-09-18T11:21:00.000Z,2026-09-18T11:22:00.000Z,-4.7,NORMAL
TR-00018,BAG-006,SEED,TEMP-00018,,SEED,2026-09-18T11:26:00.000Z,2026-09-18T11:27:00.000Z,-4.9,NORMAL
TR-00374,BAG-067,SEED,TEMP-00374,,SEED,2026-09-18T11:29:00.000Z,2026-09-18T11:30:00.000Z,-5.6,NORMAL
TR-00261,BAG-046,SEED,TEMP-00261,,SEED,2026-09-18T11:30:00.000Z,2026-09-18T11:31:00.000Z,-5.1,NORMAL
TR-00080,FREEZER-BKS,SEED,TEMP-00080,,SEED,2026-09-18T11:34:00.000Z,2026-09-18T11:35:00.000Z,-2.7,NORMAL
TR-00179,BOX-01,SEED,TEMP-00179,,SEED,2026-09-18T11:41:00.000Z,2026-09-18T11:42:00.000Z,-5.8,NORMAL
TR-00355,BAG-065,SEED,TEMP-00355,,SEED,2026-09-18T11:43:00.000Z,2026-09-18T11:44:00.000Z,-4.7,NORMAL
TR-00331,BAG-061,SEED,TEMP-00331,,SEED,2026-09-18T11:44:00.000Z,2026-09-18T11:45:00.000Z,-5.1,NORMAL
TR-00164,BAG-029,SEED,TEMP-00164,,SEED,2026-09-18T11:45:00.000Z,2026-09-18T11:46:00.000Z,1.2,CRITICAL
TR-00389,BAG-069,SEED,TEMP-00389,,SEED,2026-09-18T11:45:00.000Z,2026-09-18T11:46:00.000Z,-4.6,NORMAL
TR-00193,BAG-033,SEED,TEMP-00193,,SEED,2026-09-18T11:47:00.000Z,2026-09-18T11:48:00.000Z,-5.3,NORMAL
TR-00208,BAG-035,SEED,TEMP-00208,,SEED,2026-09-18T11:51:00.000Z,2026-09-18T11:52:00.000Z,-1.3,WARNING
TR-00262,FREEZER-BKS,SEED,TEMP-00262,,SEED,2026-09-18T11:54:00.000Z,2026-09-18T11:55:00.000Z,-3.9,NORMAL
TR-00019,BAG-006,SEED,TEMP-00019,,SEED,2026-09-18T11:56:00.000Z,2026-09-18T11:57:00.000Z,-4.8,NORMAL
TR-00081,BOX-04,SEED,TEMP-00081,,SEED,2026-09-18T11:57:00.000Z,2026-09-18T11:58:00.000Z,-4.9,NORMAL
TR-00375,BAG-067,SEED,TEMP-00375,,SEED,2026-09-18T11:59:00.000Z,2026-09-18T12:00:00.000Z,-5.3,NORMAL
TR-00111,BAG-021,SEED,TEMP-00111,,SEED,2026-09-18T12:03:00.000Z,2026-09-18T12:04:00.000Z,-5.1,NORMAL
TR-00218,BAG-036,SEED,TEMP-00218,,SEED,2026-09-18T12:06:00.000Z,2026-09-18T12:07:00.000Z,-5.6,NORMAL
TR-00292,BAG-051,SEED,TEMP-00292,,SEED,2026-09-18T12:09:00.000Z,2026-09-18T12:10:00.000Z,-4.8,NORMAL
TR-00180,BOX-01,SEED,TEMP-00180,,SEED,2026-09-18T12:11:00.000Z,2026-09-18T12:12:00.000Z,-5.8,NORMAL
TR-00356,BAG-065,SEED,TEMP-00356,,SEED,2026-09-18T12:13:00.000Z,2026-09-18T12:14:00.000Z,-5.6,NORMAL
TR-00332,BAG-061,SEED,TEMP-00332,,SEED,2026-09-18T12:14:00.000Z,2026-09-18T12:15:00.000Z,-4.5,NORMAL
TR-00390,FREEZER-JKT-SLT,SEED,TEMP-00390,,SEED,2026-09-18T12:14:00.000Z,2026-09-18T12:15:00.000Z,-1.3,WARNING
TR-00165,BAG-029,SEED,TEMP-00165,,SEED,2026-09-18T12:15:00.000Z,2026-09-18T12:16:00.000Z,-5.4,NORMAL
TR-00365,BAG-066,SEED,TEMP-00365,,SEED,2026-09-18T12:15:00.000Z,2026-09-18T12:16:00.000Z,-5.1,NORMAL
TR-00194,FREEZER-BGR,SEED,TEMP-00194,,SEED,2026-09-18T12:16:00.000Z,2026-09-18T12:17:00.000Z,-3.9,NORMAL
TR-00020,FREEZER-BKS,SEED,TEMP-00020,,SEED,2026-09-18T12:16:00.000Z,2026-09-18T12:17:00.000Z,-3.9,NORMAL
TR-00209,FREEZER-JKT-BRT,SEED,TEMP-00209,,SEED,2026-09-18T12:22:00.000Z,2026-09-18T12:23:00.000Z,-3.6,NORMAL
TR-00263,BOX-04,SEED,TEMP-00263,,SEED,2026-09-18T12:23:00.000Z,2026-09-18T12:24:00.000Z,-5.4,NORMAL
TR-00376,FREEZER-TGR,SEED,TEMP-00376,,SEED,2026-09-18T12:26:00.000Z,2026-09-18T12:27:00.000Z,-3.4,NORMAL
TR-00082,BOX-04,SEED,TEMP-00082,,SEED,2026-09-18T12:27:00.000Z,2026-09-18T12:28:00.000Z,1.2,CRITICAL
TR-00112,BAG-021,SEED,TEMP-00112,,SEED,2026-09-18T12:33:00.000Z,2026-09-18T12:34:00.000Z,-5.7,NORMAL
TR-00124,BAG-023,SEED,TEMP-00124,,SEED,2026-09-18T12:33:00.000Z,2026-09-18T12:34:00.000Z,-5.8,NORMAL
TR-00333,FREEZER-JKT-PST,SEED,TEMP-00333,,SEED,2026-09-18T12:35:00.000Z,2026-09-18T12:36:00.000Z,-4.1,NORMAL
TR-00219,BAG-036,SEED,TEMP-00219,,SEED,2026-09-18T12:36:00.000Z,2026-09-18T12:37:00.000Z,-4.4,NORMAL
TR-00055,BAG-012,SEED,TEMP-00055,,SEED,2026-09-18T12:38:00.000Z,2026-09-18T12:39:00.000Z,-5.6,NORMAL
TR-00357,FREEZER-JKT-BRT,SEED,TEMP-00357,,SEED,2026-09-18T12:38:00.000Z,2026-09-18T12:39:00.000Z,-3,NORMAL
TR-00293,BAG-051,SEED,TEMP-00293,,SEED,2026-09-18T12:39:00.000Z,2026-09-18T12:40:00.000Z,-5.5,NORMAL
TR-00321,BAG-059,SEED,TEMP-00321,,SEED,2026-09-18T12:39:00.000Z,2026-09-18T12:40:00.000Z,-4.6,NORMAL
TR-00166,FREEZER-JKT-SLT,SEED,TEMP-00166,,SEED,2026-09-18T12:40:00.000Z,2026-09-18T12:41:00.000Z,-3.3,NORMAL
TR-00021,BOX-06,SEED,TEMP-00021,,SEED,2026-09-18T12:41:00.000Z,2026-09-18T12:42:00.000Z,-5.5,NORMAL
TR-00181,FREEZER-JKT-TMR,SEED,TEMP-00181,,SEED,2026-09-18T12:41:00.000Z,2026-09-18T12:42:00.000Z,-3.2,NORMAL
TR-00391,BOX-03,SEED,TEMP-00391,,SEED,2026-09-18T12:42:00.000Z,2026-09-18T12:43:00.000Z,-4.9,NORMAL
TR-00083,FREEZER-TGR,SEED,TEMP-00083,,SEED,2026-09-18T12:42:00.000Z,2026-09-18T12:43:00.000Z,-4.1,NORMAL
TR-00195,BOX-03,SEED,TEMP-00195,,SEED,2026-09-18T12:44:00.000Z,2026-09-18T12:45:00.000Z,-1.3,WARNING
TR-00152,BAG-027,SEED,TEMP-00152,,SEED,2026-09-18T12:45:00.000Z,2026-09-18T12:46:00.000Z,-4.3,NORMAL
TR-00366,BAG-066,SEED,TEMP-00366,,SEED,2026-09-18T12:45:00.000Z,2026-09-18T12:46:00.000Z,-5.5,NORMAL
TR-00096,BAG-018,SEED,TEMP-00096,,SEED,2026-09-18T12:46:00.000Z,2026-09-18T12:47:00.000Z,-5.2,NORMAL
TR-00275,BAG-048,SEED,TEMP-00275,,SEED,2026-09-18T12:50:00.000Z,2026-09-18T12:51:00.000Z,-4.6,NORMAL
TR-00113,FREEZER-JKT-PST,SEED,TEMP-00113,,SEED,2026-09-18T12:50:00.000Z,2026-09-18T12:51:00.000Z,-3.7,NORMAL
TR-00315,BAG-057,SEED,TEMP-00315,,SEED,2026-09-18T12:51:00.000Z,2026-09-18T12:52:00.000Z,-4.5,NORMAL
TR-00346,BAG-063,SEED,TEMP-00346,,SEED,2026-09-18T12:51:00.000Z,2026-09-18T12:52:00.000Z,-5.6,NORMAL
TR-00066,BAG-014,SEED,TEMP-00066,,SEED,2026-09-18T12:52:00.000Z,2026-09-18T12:53:00.000Z,-4.5,NORMAL
TR-00377,BOX-01,SEED,TEMP-00377,,SEED,2026-09-18T12:52:00.000Z,2026-09-18T12:53:00.000Z,-1.3,WARNING
TR-00210,BOX-05,SEED,TEMP-00210,,SEED,2026-09-18T12:52:00.000Z,2026-09-18T12:53:00.000Z,-5.5,NORMAL
TR-00264,BOX-04,SEED,TEMP-00264,,SEED,2026-09-18T12:53:00.000Z,2026-09-18T12:54:00.000Z,-4.1,NORMAL
TR-00300,BAG-052,SEED,TEMP-00300,,SEED,2026-09-18T12:54:00.000Z,2026-09-18T12:55:00.000Z,-4.1,NORMAL
TR-00334,BOX-01,SEED,TEMP-00334,,SEED,2026-09-18T12:55:00.000Z,2026-09-18T12:56:00.000Z,-5.9,NORMAL
TR-00137,BAG-025,SEED,TEMP-00137,,SEED,2026-09-18T12:57:00.000Z,2026-09-18T12:58:00.000Z,-4.9,NORMAL
TR-00358,BOX-05,SEED,TEMP-00358,,SEED,2026-09-18T13:02:00.000Z,2026-09-18T13:03:00.000Z,-5.1,NORMAL
TR-00125,BAG-023,SEED,TEMP-00125,,SEED,2026-09-18T13:03:00.000Z,2026-09-18T13:04:00.000Z,-4.9,NORMAL
TR-00285,BAG-050,SEED,TEMP-00285,,SEED,2026-09-18T13:04:00.000Z,2026-09-18T13:05:00.000Z,-4.3,NORMAL
TR-00167,BOX-05,SEED,TEMP-00167,,SEED,2026-09-18T13:04:00.000Z,2026-09-18T13:05:00.000Z,-4.3,NORMAL
TR-00084,BOX-04,SEED,TEMP-00084,,SEED,2026-09-18T13:06:00.000Z,2026-09-18T13:07:00.000Z,-5.1,NORMAL
TR-00056,BAG-012,SEED,TEMP-00056,,SEED,2026-09-18T13:08:00.000Z,2026-09-18T13:09:00.000Z,-4.3,NORMAL
TR-00182,BOX-01,SEED,TEMP-00182,,SEED,2026-09-18T13:08:00.000Z,2026-09-18T13:09:00.000Z,-1.3,WARNING
TR-00220,FREEZER-BKS,SEED,TEMP-00220,,SEED,2026-09-18T13:08:00.000Z,2026-09-18T13:09:00.000Z,-3.4,NORMAL
TR-00294,FREEZER-JKT-PST,SEED,TEMP-00294,,SEED,2026-09-18T13:08:00.000Z,2026-09-18T13:09:00.000Z,-4,NORMAL
TR-00322,BAG-059,SEED,TEMP-00322,,SEED,2026-09-18T13:09:00.000Z,2026-09-18T13:10:00.000Z,-4.4,NORMAL
TR-00022,BOX-06,SEED,TEMP-00022,,SEED,2026-09-18T13:11:00.000Z,2026-09-18T13:12:00.000Z,-5.1,NORMAL
TR-00367,FREEZER-BKS,SEED,TEMP-00367,,SEED,2026-09-18T13:11:00.000Z,2026-09-18T13:12:00.000Z,-3.6,NORMAL
TR-00392,BOX-03,SEED,TEMP-00392,,SEED,2026-09-18T13:12:00.000Z,2026-09-18T13:13:00.000Z,-5.4,NORMAL
TR-00196,BOX-03,SEED,TEMP-00196,,SEED,2026-09-18T13:14:00.000Z,2026-09-18T13:15:00.000Z,-5.6,NORMAL
TR-00153,BAG-027,SEED,TEMP-00153,,SEED,2026-09-18T13:15:00.000Z,2026-09-18T13:16:00.000Z,-4.8,NORMAL
TR-00097,BAG-018,SEED,TEMP-00097,,SEED,2026-09-18T13:16:00.000Z,2026-09-18T13:17:00.000Z,-4.9,NORMAL
TR-00114,BOX-03,SEED,TEMP-00114,,SEED,2026-09-18T13:18:00.000Z,2026-09-18T13:19:00.000Z,-5.2,NORMAL
TR-00276,BAG-048,SEED,TEMP-00276,,SEED,2026-09-18T13:20:00.000Z,2026-09-18T13:21:00.000Z,-5.3,NORMAL
TR-00265,FREEZER-TGR,SEED,TEMP-00265,,SEED,2026-09-18T13:20:00.000Z,2026-09-18T13:21:00.000Z,-3.8,NORMAL
TR-00316,BAG-057,SEED,TEMP-00316,,SEED,2026-09-18T13:21:00.000Z,2026-09-18T13:22:00.000Z,-5.6,NORMAL
TR-00347,BAG-063,SEED,TEMP-00347,,SEED,2026-09-18T13:21:00.000Z,2026-09-18T13:22:00.000Z,-5.2,NORMAL
TR-00067,BAG-014,SEED,TEMP-00067,,SEED,2026-09-18T13:22:00.000Z,2026-09-18T13:23:00.000Z,-5.1,NORMAL
TR-00378,BOX-01,SEED,TEMP-00378,,SEED,2026-09-18T13:22:00.000Z,2026-09-18T13:23:00.000Z,-5.9,NORMAL
TR-00211,BOX-05,SEED,TEMP-00211,,SEED,2026-09-18T13:22:00.000Z,2026-09-18T13:23:00.000Z,-4.4,NORMAL
TR-00126,FREEZER-BGR,SEED,TEMP-00126,,SEED,2026-09-18T13:22:00.000Z,2026-09-18T13:23:00.000Z,-2.9,NORMAL
TR-00301,BAG-052,SEED,TEMP-00301,,SEED,2026-09-18T13:24:00.000Z,2026-09-18T13:25:00.000Z,-5.6,NORMAL
TR-00335,BOX-01,SEED,TEMP-00335,,SEED,2026-09-18T13:25:00.000Z,2026-09-18T13:26:00.000Z,-5.1,NORMAL
TR-00138,BAG-025,SEED,TEMP-00138,,SEED,2026-09-18T13:27:00.000Z,2026-09-18T13:28:00.000Z,-5,NORMAL
TR-00323,FREEZER-JKT-SLT,SEED,TEMP-00323,,SEED,2026-09-18T13:28:00.000Z,2026-09-18T13:29:00.000Z,-2.8,NORMAL
TR-00295,BOX-03,SEED,TEMP-00295,,SEED,2026-09-18T13:30:00.000Z,2026-09-18T13:31:00.000Z,-5.1,NORMAL
TR-00359,BOX-05,SEED,TEMP-00359,,SEED,2026-09-18T13:32:00.000Z,2026-09-18T13:33:00.000Z,-5.5,NORMAL
TR-00286,BAG-050,SEED,TEMP-00286,,SEED,2026-09-18T13:34:00.000Z,2026-09-18T13:35:00.000Z,-1.3,WARNING
TR-00168,BOX-05,SEED,TEMP-00168,,SEED,2026-09-18T13:34:00.000Z,2026-09-18T13:35:00.000Z,-5.8,NORMAL
TR-00057,FREEZER-JKT-UTR,SEED,TEMP-00057,,SEED,2026-09-18T13:34:00.000Z,2026-09-18T13:35:00.000Z,-3.3,NORMAL
TR-00023,FREEZER-TGR,SEED,TEMP-00023,,SEED,2026-09-18T13:34:00.000Z,2026-09-18T13:35:00.000Z,-4.4,NORMAL
TR-00049,BAG-011,SEED,TEMP-00049,,SEED,2026-09-18T13:35:00.000Z,2026-09-18T13:36:00.000Z,-5.1,NORMAL
TR-00085,BOX-04,SEED,TEMP-00085,,SEED,2026-09-18T13:36:00.000Z,2026-09-18T13:37:00.000Z,-4.4,NORMAL
TR-00368,BOX-06,SEED,TEMP-00368,,SEED,2026-09-18T13:36:00.000Z,2026-09-18T13:37:00.000Z,-5.4,NORMAL
TR-00183,BOX-01,SEED,TEMP-00183,,SEED,2026-09-18T13:38:00.000Z,2026-09-18T13:39:00.000Z,-5.3,NORMAL
TR-00212,FREEZER-JKT-TMR,SEED,TEMP-00212,,SEED,2026-09-18T13:38:00.000Z,2026-09-18T13:39:00.000Z,-4.4,NORMAL
TR-00154,FREEZER-TGR,SEED,TEMP-00154,,SEED,2026-09-18T13:38:00.000Z,2026-09-18T13:39:00.000Z,-3.7,NORMAL
TR-00221,BOX-06,SEED,TEMP-00221,,SEED,2026-09-18T13:39:00.000Z,2026-09-18T13:40:00.000Z,-1.3,WARNING
TR-00348,FREEZER-BGR,SEED,TEMP-00348,,SEED,2026-09-18T13:44:00.000Z,2026-09-18T13:45:00.000Z,-2.9,NORMAL
TR-00393,FREEZER-JKT-PST,SEED,TEMP-00393,,SEED,2026-09-18T13:44:00.000Z,2026-09-18T13:45:00.000Z,-4.2,NORMAL
TR-00277,FREEZER-JKT-TMR,SEED,TEMP-00277,,SEED,2026-09-18T13:46:00.000Z,2026-09-18T13:47:00.000Z,-2.7,NORMAL
TR-00197,FREEZER-TGR,SEED,TEMP-00197,,SEED,2026-09-18T13:46:00.000Z,2026-09-18T13:47:00.000Z,-3.6,NORMAL
TR-00115,BOX-03,SEED,TEMP-00115,,SEED,2026-09-18T13:48:00.000Z,2026-09-18T13:49:00.000Z,-4.8,NORMAL
TR-00139,FREEZER-JKT-BRT,SEED,TEMP-00139,,SEED,2026-09-18T13:48:00.000Z,2026-09-18T13:49:00.000Z,-2.6,NORMAL
TR-00098,FREEZER-JKT-TMR,SEED,TEMP-00098,,SEED,2026-09-18T13:48:00.000Z,2026-09-18T13:49:00.000Z,-3.7,NORMAL
TR-00336,FREEZER-JKT-TMR,SEED,TEMP-00336,,SEED,2026-09-18T13:49:00.000Z,2026-09-18T13:50:00.000Z,-4.2,NORMAL
TR-00266,BOX-04,SEED,TEMP-00266,,SEED,2026-09-18T13:50:00.000Z,2026-09-18T13:51:00.000Z,-4.3,NORMAL
TR-00068,FREEZER-BKS,SEED,TEMP-00068,,SEED,2026-09-18T13:50:00.000Z,2026-09-18T13:51:00.000Z,-4.1,NORMAL
TR-00043,BAG-010,SEED,TEMP-00043,,SEED,2026-09-18T13:52:00.000Z,2026-09-18T13:53:00.000Z,-5.4,NORMAL
TR-00127,BOX-05,SEED,TEMP-00127,,SEED,2026-09-18T13:52:00.000Z,2026-09-18T13:53:00.000Z,-4.2,NORMAL
TR-00379,FREEZER-BGR,SEED,TEMP-00379,,SEED,2026-09-18T13:52:00.000Z,2026-09-18T13:53:00.000Z,-3.3,NORMAL
TR-00184,FREEZER-JKT-SLT,SEED,TEMP-00184,,SEED,2026-09-18T13:53:00.000Z,2026-09-18T13:54:00.000Z,-3.1,NORMAL
TR-00302,FREEZER-JKT-UTR,SEED,TEMP-00302,,SEED,2026-09-18T13:54:00.000Z,2026-09-18T13:55:00.000Z,-4.4,NORMAL
TR-00086,FREEZER-TGS,SEED,TEMP-00086,,SEED,2026-09-18T13:54:00.000Z,2026-09-18T13:55:00.000Z,-2.8,NORMAL
TR-00324,BOX-05,SEED,TEMP-00324,,SEED,2026-09-18T13:58:00.000Z,2026-09-18T13:59:00.000Z,-5,NORMAL
TR-00146,BAG-026,SEED,TEMP-00146,,SEED,2026-09-18T13:59:00.000Z,2026-09-18T14:00:00.000Z,-5.3,NORMAL
TR-00034,BAG-008,SEED,TEMP-00034,,SEED,2026-09-18T14:00:00.000Z,2026-09-18T14:01:00.000Z,-5.7,NORMAL
TR-00242,BAG-042,SEED,TEMP-00242,,SEED,2026-09-18T14:00:00.000Z,2026-09-18T14:01:00.000Z,-5.2,NORMAL
TR-00155,BOX-03,SEED,TEMP-00155,,SEED,2026-09-18T14:00:00.000Z,2026-09-18T14:01:00.000Z,-4.5,NORMAL
TR-00024,BOX-06,SEED,TEMP-00024,,SEED,2026-09-18T14:00:00.000Z,2026-09-18T14:01:00.000Z,-4.3,NORMAL
TR-00360,FREEZER-JKT-TMR,SEED,TEMP-00360,,SEED,2026-09-18T14:00:00.000Z,2026-09-18T14:01:00.000Z,-3,NORMAL
TR-00169,FREEZER-JKT-PST,SEED,TEMP-00169,,SEED,2026-09-18T14:02:00.000Z,2026-09-18T14:03:00.000Z,-1.3,WARNING
TR-00287,FREEZER-TGR,SEED,TEMP-00287,,SEED,2026-09-18T14:02:00.000Z,2026-09-18T14:03:00.000Z,0.2,CRITICAL
TR-00050,BAG-011,SEED,TEMP-00050,,SEED,2026-09-18T14:05:00.000Z,2026-09-18T14:06:00.000Z,-4.8,NORMAL
TR-00058,BOX-06,SEED,TEMP-00058,,SEED,2026-09-18T14:05:00.000Z,2026-09-18T14:06:00.000Z,-5.6,NORMAL
TR-00251,BAG-044,SEED,TEMP-00251,,SEED,2026-09-18T14:06:00.000Z,2026-09-18T14:07:00.000Z,-5.4,NORMAL
TR-00317,BOX-03,SEED,TEMP-00317,,SEED,2026-09-18T14:06:00.000Z,2026-09-18T14:07:00.000Z,-4.7,NORMAL
TR-00369,BOX-06,SEED,TEMP-00369,,SEED,2026-09-18T14:06:00.000Z,2026-09-18T14:07:00.000Z,1.2,CRITICAL
TR-00235,BAG-040,SEED,TEMP-00235,,SEED,2026-09-18T14:08:00.000Z,2026-09-18T14:09:00.000Z,-4.5,NORMAL
TR-00140,BOX-01,SEED,TEMP-00140,,SEED,2026-09-18T14:08:00.000Z,2026-09-18T14:09:00.000Z,-4.8,NORMAL
TR-00116,FREEZER-JKT-TMR,SEED,TEMP-00116,,SEED,2026-09-18T14:08:00.000Z,2026-09-18T14:09:00.000Z,-4.3,NORMAL
TR-00213,BOX-05,SEED,TEMP-00213,,SEED,2026-09-18T14:09:00.000Z,2026-09-18T14:10:00.000Z,-4.2,NORMAL
TR-00222,BOX-06,SEED,TEMP-00222,,SEED,2026-09-18T14:09:00.000Z,2026-09-18T14:10:00.000Z,-4.3,NORMAL
TR-00337,BOX-01,SEED,TEMP-00337,,SEED,2026-09-18T14:10:00.000Z,2026-09-18T14:11:00.000Z,-4.9,NORMAL
TR-00069,BOX-02,SEED,TEMP-00069,,SEED,2026-09-18T14:11:00.000Z,2026-09-18T14:12:00.000Z,-4.7,NORMAL
TR-00394,BOX-03,SEED,TEMP-00394,,SEED,2026-09-18T14:13:00.000Z,2026-09-18T14:14:00.000Z,-4.2,NORMAL
TR-00099,BOX-06,SEED,TEMP-00099,,SEED,2026-09-18T14:13:00.000Z,2026-09-18T14:14:00.000Z,-4.3,NORMAL
TR-00198,BOX-03,SEED,TEMP-00198,,SEED,2026-09-18T14:15:00.000Z,2026-09-18T14:16:00.000Z,-4.1,NORMAL
TR-00303,BOX-04,SEED,TEMP-00303,,SEED,2026-09-18T14:17:00.000Z,2026-09-18T14:18:00.000Z,-4.8,NORMAL
TR-00278,BOX-06,SEED,TEMP-00278,,SEED,2026-09-18T14:17:00.000Z,2026-09-18T14:18:00.000Z,-5.4,NORMAL
TR-00380,BOX-01,SEED,TEMP-00380,,SEED,2026-09-18T14:19:00.000Z,2026-09-18T14:20:00.000Z,-5.8,NORMAL
TR-00087,BOX-04,SEED,TEMP-00087,,SEED,2026-09-18T14:19:00.000Z,2026-09-18T14:20:00.000Z,-4.2,NORMAL
TR-00267,BOX-04,SEED,TEMP-00267,,SEED,2026-09-18T14:20:00.000Z,2026-09-18T14:21:00.000Z,-4.9,NORMAL
TR-00185,BOX-01,SEED,TEMP-00185,,SEED,2026-09-18T14:21:00.000Z,2026-09-18T14:22:00.000Z,-5,NORMAL
TR-00044,BAG-010,SEED,TEMP-00044,,SEED,2026-09-18T14:22:00.000Z,2026-09-18T14:23:00.000Z,-4.7,NORMAL
TR-00128,BOX-05,SEED,TEMP-00128,,SEED,2026-09-18T14:22:00.000Z,2026-09-18T14:23:00.000Z,-4.5,NORMAL
TR-00288,BOX-02,SEED,TEMP-00288,,SEED,2026-09-18T14:23:00.000Z,2026-09-18T14:24:00.000Z,-4.7,NORMAL
TR-00361,BOX-05,SEED,TEMP-00361,,SEED,2026-09-18T14:25:00.000Z,2026-09-18T14:26:00.000Z,-5.2,NORMAL
TR-00223,FREEZER-TGR,SEED,TEMP-00223,,SEED,2026-09-18T14:26:00.000Z,2026-09-18T14:27:00.000Z,-3.4,NORMAL
TR-00170,BOX-05,SEED,TEMP-00170,,SEED,2026-09-18T14:27:00.000Z,2026-09-18T14:28:00.000Z,-4.8,NORMAL
TR-00325,BOX-05,SEED,TEMP-00325,,SEED,2026-09-18T14:28:00.000Z,2026-09-18T14:29:00.000Z,-1.3,WARNING
TR-00147,BAG-026,SEED,TEMP-00147,,SEED,2026-09-18T14:29:00.000Z,2026-09-18T14:30:00.000Z,-4.7,NORMAL
TR-00035,BAG-008,SEED,TEMP-00035,,SEED,2026-09-18T14:30:00.000Z,2026-09-18T14:31:00.000Z,-4.8,NORMAL
TR-00203,BAG-034,SEED,TEMP-00203,,SEED,2026-09-18T14:30:00.000Z,2026-09-18T14:31:00.000Z,-5.6,NORMAL
TR-00243,BAG-042,SEED,TEMP-00243,,SEED,2026-09-18T14:30:00.000Z,2026-09-18T14:31:00.000Z,-5.5,NORMAL
TR-00398,BAG-070,SEED,TEMP-00398,,SEED,2026-09-18T14:30:00.000Z,2026-09-18T14:31:00.000Z,-4.8,NORMAL
TR-00156,BOX-03,SEED,TEMP-00156,,SEED,2026-09-18T14:30:00.000Z,2026-09-18T14:31:00.000Z,-1.3,WARNING
TR-00025,BOX-06,SEED,TEMP-00025,,SEED,2026-09-18T14:30:00.000Z,2026-09-18T14:31:00.000Z,-4.8,NORMAL
TR-00051,FREEZER-JKT-PST,SEED,TEMP-00051,,SEED,2026-09-18T14:30:00.000Z,2026-09-18T14:31:00.000Z,-2.8,NORMAL
TR-00296,FREEZER-JKT-TMR,SEED,TEMP-00296,,SEED,2026-09-18T14:32:00.000Z,2026-09-18T14:33:00.000Z,-3.4,NORMAL
TR-00059,BOX-06,SEED,TEMP-00059,,SEED,2026-09-18T14:35:00.000Z,2026-09-18T14:36:00.000Z,-5,NORMAL
TR-00370,FREEZER-TGR,SEED,TEMP-00370,,SEED,2026-09-18T14:35:00.000Z,2026-09-18T14:36:00.000Z,-3.6,NORMAL
TR-00252,BAG-044,SEED,TEMP-00252,,SEED,2026-09-18T14:36:00.000Z,2026-09-18T14:37:00.000Z,-4.8,NORMAL
TR-00384,BAG-068,SEED,TEMP-00384,,SEED,2026-09-18T14:36:00.000Z,2026-09-18T14:37:00.000Z,-4.7,NORMAL
TR-00318,BOX-03,SEED,TEMP-00318,,SEED,2026-09-18T14:36:00.000Z,2026-09-18T14:37:00.000Z,-5.8,NORMAL
TR-00117,BOX-03,SEED,TEMP-00117,,SEED,2026-09-18T14:37:00.000Z,2026-09-18T14:38:00.000Z,-1.3,WARNING
TR-00236,BAG-040,SEED,TEMP-00236,,SEED,2026-09-18T14:38:00.000Z,2026-09-18T14:39:00.000Z,-5.2,NORMAL
TR-00141,BOX-01,SEED,TEMP-00141,,SEED,2026-09-18T14:38:00.000Z,2026-09-18T14:39:00.000Z,-4.8,NORMAL
TR-00092,BAG-017,SEED,TEMP-00092,,SEED,2026-09-18T14:39:00.000Z,2026-09-18T14:40:00.000Z,-5.3,NORMAL
TR-00133,BAG-024,SEED,TEMP-00133,,SEED,2026-09-18T14:39:00.000Z,2026-09-18T14:40:00.000Z,-4.2,NORMAL
TR-00307,BAG-053,SEED,TEMP-00307,,SEED,2026-09-18T14:39:00.000Z,2026-09-18T14:40:00.000Z,-5.7,NORMAL
TR-00214,BOX-05,SEED,TEMP-00214,,SEED,2026-09-18T14:39:00.000Z,2026-09-18T14:40:00.000Z,-4.2,NORMAL
TR-00338,BOX-01,SEED,TEMP-00338,,SEED,2026-09-18T14:40:00.000Z,2026-09-18T14:41:00.000Z,-1.3,WARNING
TR-00070,BOX-02,SEED,TEMP-00070,,SEED,2026-09-18T14:41:00.000Z,2026-09-18T14:42:00.000Z,-4.1,NORMAL
TR-00030,BAG-007,SEED,TEMP-00030,,SEED,2026-09-18T14:42:00.000Z,2026-09-18T14:43:00.000Z,-4.1,NORMAL
TR-00395,BOX-03,SEED,TEMP-00395,,SEED,2026-09-18T14:43:00.000Z,2026-09-18T14:44:00.000Z,-5.6,NORMAL
TR-00100,BOX-06,SEED,TEMP-00100,,SEED,2026-09-18T14:43:00.000Z,2026-09-18T14:44:00.000Z,-4.5,NORMAL
TR-00129,FREEZER-TGR,SEED,TEMP-00129,,SEED,2026-09-18T14:44:00.000Z,2026-09-18T14:45:00.000Z,-3.6,NORMAL
TR-00074,BAG-015,SEED,TEMP-00074,,SEED,2026-09-18T14:45:00.000Z,2026-09-18T14:46:00.000Z,-5.4,NORMAL
TR-00121,BAG-022,SEED,TEMP-00121,,SEED,2026-09-18T14:45:00.000Z,2026-09-18T14:46:00.000Z,-5.4,NORMAL
TR-00199,BOX-03,SEED,TEMP-00199,,SEED,2026-09-18T14:45:00.000Z,2026-09-18T14:46:00.000Z,-5.4,NORMAL
TR-00224,BOX-06,SEED,TEMP-00224,,SEED,2026-09-18T14:46:00.000Z,2026-09-18T14:47:00.000Z,-4.9,NORMAL
TR-00045,FREEZER-TGR,SEED,TEMP-00045,,SEED,2026-09-18T14:46:00.000Z,2026-09-18T14:47:00.000Z,-2.8,NORMAL
TR-00304,BOX-04,SEED,TEMP-00304,,SEED,2026-09-18T14:47:00.000Z,2026-09-18T14:48:00.000Z,-5.1,NORMAL
TR-00279,BOX-06,SEED,TEMP-00279,,SEED,2026-09-18T14:47:00.000Z,2026-09-18T14:48:00.000Z,-4.7,NORMAL
TR-00015,BAG-005,SEED,TEMP-00015,,SEED,2026-09-18T14:48:00.000Z,2026-09-18T14:49:00.000Z,-5.7,NORMAL
TR-00228,BAG-037,SEED,TEMP-00228,,SEED,2026-09-18T14:48:00.000Z,2026-09-18T14:49:00.000Z,-5.8,NORMAL
TR-00381,BOX-01,SEED,TEMP-00381,,SEED,2026-09-18T14:49:00.000Z,2026-09-18T14:50:00.000Z,-4.2,NORMAL
TR-00088,BOX-04,SEED,TEMP-00088,,SEED,2026-09-18T14:49:00.000Z,2026-09-18T14:50:00.000Z,-4.8,NORMAL
TR-00215,BAG-035,SEED,TEMP-00215,,SEED,2026-09-18T14:50:00.000Z,2026-09-18T14:51:00.000Z,-4.9,NORMAL
TR-00326,FREEZER-JKT-PST,SEED,TEMP-00326,,SEED,2026-09-18T14:50:00.000Z,2026-09-18T14:51:00.000Z,-3.8,NORMAL
TR-00244,FREEZER-JKT-UTR,SEED,TEMP-00244,,SEED,2026-09-18T14:50:00.000Z,2026-09-18T14:51:00.000Z,-3,NORMAL
TR-00268,FREEZER-TGS,SEED,TEMP-00268,,SEED,2026-09-18T14:50:00.000Z,2026-09-18T14:51:00.000Z,-3.9,NORMAL
TR-00060,BAG-012,SEED,TEMP-00060,,SEED,2026-09-18T14:51:00.000Z,2026-09-18T14:52:00.000Z,-5.7,NORMAL
TR-00101,BAG-018,SEED,TEMP-00101,,SEED,2026-09-18T14:51:00.000Z,2026-09-18T14:52:00.000Z,-4.7,NORMAL
TR-00104,BAG-019,SEED,TEMP-00104,,SEED,2026-09-18T14:51:00.000Z,2026-09-18T14:52:00.000Z,-1.3,WARNING
TR-00108,BAG-020,SEED,TEMP-00108,,SEED,2026-09-18T14:51:00.000Z,2026-09-18T14:52:00.000Z,-4.2,NORMAL
TR-00311,BAG-055,SEED,TEMP-00311,,SEED,2026-09-18T14:51:00.000Z,2026-09-18T14:52:00.000Z,-5.5,NORMAL
TR-00186,BOX-01,SEED,TEMP-00186,,SEED,2026-09-18T14:51:00.000Z,2026-09-18T14:52:00.000Z,-5.5,NORMAL
TR-00148,FREEZER-BKS,SEED,TEMP-00148,,SEED,2026-09-18T14:51:00.000Z,2026-09-18T14:52:00.000Z,-3.6,NORMAL
TR-00036,FREEZER-JKT-TMR,SEED,TEMP-00036,,SEED,2026-09-18T14:52:00.000Z,2026-09-18T14:53:00.000Z,-3.7,NORMAL
TR-00289,BOX-02,SEED,TEMP-00289,,SEED,2026-09-18T14:53:00.000Z,2026-09-18T14:54:00.000Z,-4.4,NORMAL
TR-00008,BAG-003,SEED,TEMP-00008,,SEED,2026-09-18T14:54:00.000Z,2026-09-18T14:55:00.000Z,-4.7,NORMAL
TR-00011,BAG-004,SEED,TEMP-00011,,SEED,2026-09-18T14:54:00.000Z,2026-09-18T14:55:00.000Z,-4.2,NORMAL
TR-00200,BAG-033,SEED,TEMP-00200,,SEED,2026-09-18T14:54:00.000Z,2026-09-18T14:55:00.000Z,-4.9,NORMAL
TR-00089,BAG-016,SEED,TEMP-00089,,SEED,2026-09-18T14:55:00.000Z,2026-09-18T14:56:00.000Z,-5.7,NORMAL
TR-00297,BOX-03,SEED,TEMP-00297,,SEED,2026-09-18T14:55:00.000Z,2026-09-18T14:56:00.000Z,-5.6,NORMAL
TR-00362,BOX-05,SEED,TEMP-00362,,SEED,2026-09-18T14:55:00.000Z,2026-09-18T14:56:00.000Z,-5.8,NORMAL
TR-00157,FREEZER-BGR,SEED,TEMP-00157,,SEED,2026-09-18T14:56:00.000Z,2026-09-18T14:57:00.000Z,-3.1,NORMAL
TR-00237,FREEZER-TGR,SEED,TEMP-00237,,SEED,2026-09-18T14:56:00.000Z,2026-09-18T14:57:00.000Z,-3.6,NORMAL
TR-00026,FREEZER-TGS,SEED,TEMP-00026,,SEED,2026-09-18T14:56:00.000Z,2026-09-18T14:57:00.000Z,-1.3,WARNING
TR-00280,BAG-048,SEED,TEMP-00280,,SEED,2026-09-18T14:57:00.000Z,2026-09-18T14:58:00.000Z,-5.6,NORMAL
TR-00187,BAG-031,SEED,TEMP-00187,,SEED,2026-09-18T14:58:00.000Z,2026-09-18T14:59:00.000Z,-4.5,NORMAL
TR-00253,FREEZER-BKS,SEED,TEMP-00253,,SEED,2026-09-18T14:58:00.000Z,2026-09-18T14:59:00.000Z,-4.1,NORMAL
TR-00071,BAG-014,SEED,TEMP-00071,,SEED,2026-09-18T14:59:00.000Z,2026-09-18T15:00:00.000Z,-4.1,NORMAL
TR-00001,BAG-001,SEED,TEMP-00001,,SEED,2026-09-18T15:00:00.000Z,2026-09-18T15:01:00.000Z,-5.2,NORMAL
TR-00004,BAG-002,SEED,TEMP-00004,,SEED,2026-09-18T15:00:00.000Z,2026-09-18T15:01:00.000Z,-5.5,NORMAL
TR-00204,BAG-034,SEED,TEMP-00204,,SEED,2026-09-18T15:00:00.000Z,2026-09-18T15:01:00.000Z,-4.3,NORMAL
TR-00231,BAG-038,SEED,TEMP-00231,,SEED,2026-09-18T15:00:00.000Z,2026-09-18T15:01:00.000Z,-4.9,NORMAL
TR-00396,BAG-069,SEED,TEMP-00396,,SEED,2026-09-18T15:00:00.000Z,2026-09-18T15:01:00.000Z,-4.9,NORMAL
TR-00399,BAG-070,SEED,TEMP-00399,,SEED,2026-09-18T15:00:00.000Z,2026-09-18T15:01:00.000Z,-5.6,NORMAL
TR-00052,BOX-05,SEED,TEMP-00052,,SEED,2026-09-18T15:00:00.000Z,2026-09-18T15:01:00.000Z,-1.3,WARNING
TR-00305,BAG-052,SEED,TEMP-00305,,SEED,2026-09-18T15:01:00.000Z,2026-09-18T15:02:00.000Z,-4.4,NORMAL
TR-00371,BOX-06,SEED,TEMP-00371,,SEED,2026-09-18T15:01:00.000Z,2026-09-18T15:02:00.000Z,-5.7,NORMAL
TR-00171,BAG-029,SEED,TEMP-00171,,SEED,2026-09-18T15:02:00.000Z,2026-09-18T15:03:00.000Z,-4.7,NORMAL
TR-00142,FREEZER-JKT-TMR,SEED,TEMP-00142,,SEED,2026-09-18T15:02:00.000Z,2026-09-18T15:03:00.000Z,-2.7,NORMAL
TR-00349,FREEZER-TGR,SEED,TEMP-00349,,SEED,2026-09-18T15:02:00.000Z,2026-09-18T15:03:00.000Z,-3.8,NORMAL
TR-00189,BAG-032,SEED,TEMP-00189,,SEED,2026-09-18T15:03:00.000Z,2026-09-18T15:04:00.000Z,-4.3,NORMAL
TR-00272,BAG-047,SEED,TEMP-00272,,SEED,2026-09-18T15:03:00.000Z,2026-09-18T15:04:00.000Z,-4.3,NORMAL
TR-00382,BAG-067,SEED,TEMP-00382,,SEED,2026-09-18T15:04:00.000Z,2026-09-18T15:05:00.000Z,-4.5,NORMAL
TR-00290,BAG-050,SEED,TEMP-00290,,SEED,2026-09-18T15:05:00.000Z,2026-09-18T15:06:00.000Z,-5.3,NORMAL
TR-00385,BAG-068,SEED,TEMP-00385,,SEED,2026-09-18T15:06:00.000Z,2026-09-18T15:07:00.000Z,-5.9,NORMAL
TR-00040,BAG-009,SEED,TEMP-00040,,SEED,2026-09-18T15:07:00.000Z,2026-09-18T15:08:00.000Z,-4.4,NORMAL
TR-00173,BAG-030,SEED,TEMP-00173,,SEED,2026-09-18T15:07:00.000Z,2026-09-18T15:08:00.000Z,-5.5,NORMAL
TR-00257,BAG-045,SEED,TEMP-00257,,SEED,2026-09-18T15:07:00.000Z,2026-09-18T15:08:00.000Z,-5,NORMAL
TR-00118,BOX-03,SEED,TEMP-00118,,SEED,2026-09-18T15:07:00.000Z,2026-09-18T15:08:00.000Z,-5.7,NORMAL
TR-00339,FREEZER-JKT-SLT,SEED,TEMP-00339,,SEED,2026-09-18T15:07:00.000Z,2026-09-18T15:08:00.000Z,-3.5,NORMAL
TR-00363,BAG-065,SEED,TEMP-00363,,SEED,2026-09-18T15:08:00.000Z,2026-09-18T15:09:00.000Z,-5.3,NORMAL
TR-00093,BAG-017,SEED,TEMP-00093,,SEED,2026-09-18T15:09:00.000Z,2026-09-18T15:10:00.000Z,-5.1,NORMAL
TR-00134,BAG-024,SEED,TEMP-00134,,SEED,2026-09-18T15:09:00.000Z,2026-09-18T15:10:00.000Z,-5.1,NORMAL
TR-00308,BAG-053,SEED,TEMP-00308,,SEED,2026-09-18T15:09:00.000Z,2026-09-18T15:10:00.000Z,-5.8,NORMAL
TR-00063,BAG-013,SEED,TEMP-00063,,SEED,2026-09-18T15:11:00.000Z,2026-09-18T15:12:00.000Z,-5,NORMAL
TR-00161,BAG-028,SEED,TEMP-00161,,SEED,2026-09-18T15:11:00.000Z,2026-09-18T15:12:00.000Z,-4.9,NORMAL
TR-00248,BAG-043,SEED,TEMP-00248,,SEED,2026-09-18T15:11:00.000Z,2026-09-18T15:12:00.000Z,-4.8,NORMAL
TR-00282,BAG-049,SEED,TEMP-00282,,SEED,2026-09-18T15:11:00.000Z,2026-09-18T15:12:00.000Z,-4.3,NORMAL
TR-00352,BAG-064,SEED,TEMP-00352,,SEED,2026-09-18T15:11:00.000Z,2026-09-18T15:12:00.000Z,-5.5,NORMAL
TR-00031,BAG-007,SEED,TEMP-00031,,SEED,2026-09-18T15:12:00.000Z,2026-09-18T15:13:00.000Z,-5.9,NORMAL
TR-00149,BOX-02,SEED,TEMP-00149,,SEED,2026-09-18T15:12:00.000Z,2026-09-18T15:13:00.000Z,-4.9,NORMAL
TR-00075,BAG-015,SEED,TEMP-00075,,SEED,2026-09-18T15:15:00.000Z,2026-09-18T15:16:00.000Z,-5.6,NORMAL
TR-00122,BAG-022,SEED,TEMP-00122,,SEED,2026-09-18T15:15:00.000Z,2026-09-18T15:16:00.000Z,-5.3,NORMAL
TR-00343,BAG-062,SEED,TEMP-00343,,SEED,2026-09-18T15:15:00.000Z,2026-09-18T15:16:00.000Z,-4.6,NORMAL
TR-00046,BOX-04,SEED,TEMP-00046,,SEED,2026-09-18T15:15:00.000Z,2026-09-18T15:16:00.000Z,-5.1,NORMAL
TR-00130,BOX-05,SEED,TEMP-00130,,SEED,2026-09-18T15:15:00.000Z,2026-09-18T15:16:00.000Z,-1.3,WARNING
TR-00245,BOX-06,SEED,TEMP-00245,,SEED,2026-09-18T15:15:00.000Z,2026-09-18T15:16:00.000Z,-5.6,NORMAL
TR-00225,BOX-06,SEED,TEMP-00225,,SEED,2026-09-18T15:16:00.000Z,2026-09-18T15:17:00.000Z,-4.5,NORMAL
TR-00016,BAG-005,SEED,TEMP-00016,,SEED,2026-09-18T15:18:00.000Z,2026-09-18T15:19:00.000Z,-4.8,NORMAL
TR-00229,BAG-037,SEED,TEMP-00229,,SEED,2026-09-18T15:18:00.000Z,2026-09-18T15:19:00.000Z,-4.1,NORMAL
TR-00037,BOX-02,SEED,TEMP-00037,,SEED,2026-09-18T15:19:00.000Z,2026-09-18T15:20:00.000Z,-4.1,NORMAL
TR-00158,BOX-03,SEED,TEMP-00158,,SEED,2026-09-18T15:19:00.000Z,2026-09-18T15:20:00.000Z,-4.6,NORMAL
TR-00238,BOX-04,SEED,TEMP-00238,,SEED,2026-09-18T15:19:00.000Z,2026-09-18T15:20:00.000Z,-5.5,NORMAL
TR-00216,BAG-035,SEED,TEMP-00216,,SEED,2026-09-18T15:20:00.000Z,2026-09-18T15:21:00.000Z,-4.7,NORMAL
TR-00061,BAG-012,SEED,TEMP-00061,,SEED,2026-09-18T15:21:00.000Z,2026-09-18T15:22:00.000Z,-5.8,NORMAL
TR-00102,BAG-018,SEED,TEMP-00102,,SEED,2026-09-18T15:21:00.000Z,2026-09-18T15:22:00.000Z,-5.2,NORMAL
TR-00105,BAG-019,SEED,TEMP-00105,,SEED,2026-09-18T15:21:00.000Z,2026-09-18T15:22:00.000Z,-5.5,NORMAL
TR-00109,BAG-020,SEED,TEMP-00109,,SEED,2026-09-18T15:21:00.000Z,2026-09-18T15:22:00.000Z,-4.3,NORMAL
TR-00312,BAG-055,SEED,TEMP-00312,,SEED,2026-09-18T15:21:00.000Z,2026-09-18T15:22:00.000Z,-1.3,WARNING
TR-00269,BOX-04,SEED,TEMP-00269,,SEED,2026-09-18T15:21:00.000Z,2026-09-18T15:22:00.000Z,-4.7,NORMAL
TR-00327,BOX-05,SEED,TEMP-00327,,SEED,2026-09-18T15:21:00.000Z,2026-09-18T15:22:00.000Z,-4.6,NORMAL
TR-00143,BOX-01,SEED,TEMP-00143,,SEED,2026-09-18T15:23:00.000Z,2026-09-18T15:24:00.000Z,-1.3,WARNING
TR-00027,BOX-06,SEED,TEMP-00027,,SEED,2026-09-18T15:23:00.000Z,2026-09-18T15:24:00.000Z,-5.7,NORMAL
TR-00009,BAG-003,SEED,TEMP-00009,,SEED,2026-09-18T15:24:00.000Z,2026-09-18T15:25:00.000Z,-5.7,NORMAL
TR-00012,BAG-004,SEED,TEMP-00012,,SEED,2026-09-18T15:24:00.000Z,2026-09-18T15:25:00.000Z,-4.2,NORMAL
TR-00201,BAG-033,SEED,TEMP-00201,,SEED,2026-09-18T15:24:00.000Z,2026-09-18T15:25:00.000Z,-4.5,NORMAL
TR-00090,BAG-016,SEED,TEMP-00090,,SEED,2026-09-18T15:25:00.000Z,2026-09-18T15:26:00.000Z,-5,NORMAL
TR-00254,BOX-02,SEED,TEMP-00254,,SEED,2026-09-18T15:25:00.000Z,2026-09-18T15:26:00.000Z,-4.2,NORMAL
TR-00298,BOX-03,SEED,TEMP-00298,,SEED,2026-09-18T15:25:00.000Z,2026-09-18T15:26:00.000Z,-4.5,NORMAL
TR-00281,BAG-048,SEED,TEMP-00281,,SEED,2026-09-18T15:27:00.000Z,2026-09-18T15:28:00.000Z,-5.3,NORMAL
TR-00188,BAG-031,SEED,TEMP-00188,,SEED,2026-09-18T15:28:00.000Z,2026-09-18T15:29:00.000Z,-4.2,NORMAL
TR-00072,BAG-014,SEED,TEMP-00072,,SEED,2026-09-18T15:29:00.000Z,2026-09-18T15:30:00.000Z,-5.6,NORMAL
TR-00340,BOX-01,SEED,TEMP-00340,,SEED,2026-09-18T15:29:00.000Z,2026-09-18T15:30:00.000Z,-4.5,NORMAL
TR-00002,BAG-001,SEED,TEMP-00002,,SEED,2026-09-18T15:30:00.000Z,2026-09-18T15:31:00.000Z,-4.4,NORMAL
TR-00005,BAG-002,SEED,TEMP-00005,,SEED,2026-09-18T15:30:00.000Z,2026-09-18T15:31:00.000Z,-4.9,NORMAL
TR-00232,BAG-038,SEED,TEMP-00232,,SEED,2026-09-18T15:30:00.000Z,2026-09-18T15:31:00.000Z,-5.8,NORMAL
TR-00397,BAG-069,SEED,TEMP-00397,,SEED,2026-09-18T15:30:00.000Z,2026-09-18T15:31:00.000Z,-5.9,NORMAL
TR-00053,BOX-05,SEED,TEMP-00053,,SEED,2026-09-18T15:30:00.000Z,2026-09-18T15:31:00.000Z,-5.6,NORMAL
TR-00205,FREEZER-BKS,SEED,TEMP-00205,,SEED,2026-09-18T15:30:00.000Z,2026-09-18T15:31:00.000Z,0.2,CRITICAL
TR-00119,FREEZER-JKT-SLT,SEED,TEMP-00119,,SEED,2026-09-18T15:30:00.000Z,2026-09-18T15:31:00.000Z,-3.8,NORMAL
TR-00400,FREEZER-TGR,SEED,TEMP-00400,,SEED,2026-09-18T15:30:00.000Z,2026-09-18T15:31:00.000Z,-3.7,NORMAL
TR-00306,BAG-052,SEED,TEMP-00306,,SEED,2026-09-18T15:31:00.000Z,2026-09-18T15:32:00.000Z,-4.6,NORMAL
TR-00372,BOX-06,SEED,TEMP-00372,,SEED,2026-09-18T15:31:00.000Z,2026-09-18T15:32:00.000Z,-4.5,NORMAL
TR-00172,BAG-029,SEED,TEMP-00172,,SEED,2026-09-18T15:32:00.000Z,2026-09-18T15:33:00.000Z,-5.1,NORMAL
TR-00190,BAG-032,SEED,TEMP-00190,,SEED,2026-09-18T15:33:00.000Z,2026-09-18T15:34:00.000Z,-4.2,NORMAL
TR-00273,BAG-047,SEED,TEMP-00273,,SEED,2026-09-18T15:33:00.000Z,2026-09-18T15:34:00.000Z,-1.3,WARNING
TR-00383,BAG-067,SEED,TEMP-00383,,SEED,2026-09-18T15:34:00.000Z,2026-09-18T15:35:00.000Z,-4.5,NORMAL
TR-00386,FREEZER-JKT-TMR,SEED,TEMP-00386,,SEED,2026-09-18T15:34:00.000Z,2026-09-18T15:35:00.000Z,-4.2,NORMAL
TR-00291,BAG-050,SEED,TEMP-00291,,SEED,2026-09-18T15:35:00.000Z,2026-09-18T15:36:00.000Z,-4.7,NORMAL
TR-00313,FREEZER-JKT-BRT,SEED,TEMP-00313,,SEED,2026-09-18T15:36:00.000Z,2026-09-18T15:37:00.000Z,-2.9,NORMAL
TR-00106,FREEZER-JKT-SLT,SEED,TEMP-00106,,SEED,2026-09-18T15:36:00.000Z,2026-09-18T15:37:00.000Z,-3.5,NORMAL
TR-00226,FREEZER-TGS,SEED,TEMP-00226,,SEED,2026-09-18T15:36:00.000Z,2026-09-18T15:37:00.000Z,-3,NORMAL
TR-00041,BAG-009,SEED,TEMP-00041,,SEED,2026-09-18T15:37:00.000Z,2026-09-18T15:38:00.000Z,1.2,CRITICAL
TR-00174,BAG-030,SEED,TEMP-00174,,SEED,2026-09-18T15:37:00.000Z,2026-09-18T15:38:00.000Z,-4.8,NORMAL
TR-00258,BAG-045,SEED,TEMP-00258,,SEED,2026-09-18T15:37:00.000Z,2026-09-18T15:38:00.000Z,-4.2,NORMAL
TR-00364,BAG-065,SEED,TEMP-00364,,SEED,2026-09-18T15:38:00.000Z,2026-09-18T15:39:00.000Z,-1.3,WARNING
TR-00135,BAG-024,SEED,TEMP-00135,,SEED,2026-09-18T15:39:00.000Z,2026-09-18T15:40:00.000Z,-5.3,NORMAL
TR-00309,FREEZER-BGR,SEED,TEMP-00309,,SEED,2026-09-18T15:40:00.000Z,2026-09-18T15:41:00.000Z,-2.6,NORMAL
TR-00094,FREEZER-TGR,SEED,TEMP-00094,,SEED,2026-09-18T15:40:00.000Z,2026-09-18T15:41:00.000Z,-4.1,NORMAL
TR-00064,BAG-013,SEED,TEMP-00064,,SEED,2026-09-18T15:41:00.000Z,2026-09-18T15:42:00.000Z,-4.2,NORMAL
TR-00162,BAG-028,SEED,TEMP-00162,,SEED,2026-09-18T15:41:00.000Z,2026-09-18T15:42:00.000Z,-5.5,NORMAL
TR-00249,BAG-043,SEED,TEMP-00249,,SEED,2026-09-18T15:41:00.000Z,2026-09-18T15:42:00.000Z,-4.1,NORMAL
TR-00283,BAG-049,SEED,TEMP-00283,,SEED,2026-09-18T15:41:00.000Z,2026-09-18T15:42:00.000Z,-5.4,NORMAL
TR-00353,BAG-064,SEED,TEMP-00353,,SEED,2026-09-18T15:41:00.000Z,2026-09-18T15:42:00.000Z,-4.7,NORMAL
TR-00032,BAG-007,SEED,TEMP-00032,,SEED,2026-09-18T15:42:00.000Z,2026-09-18T15:43:00.000Z,-5.1,NORMAL
TR-00150,BOX-02,SEED,TEMP-00150,,SEED,2026-09-18T15:42:00.000Z,2026-09-18T15:43:00.000Z,-5.1,NORMAL
TR-00013,FREEZER-BKS,SEED,TEMP-00013,,SEED,2026-09-18T15:42:00.000Z,2026-09-18T15:43:00.000Z,-1.3,WARNING
TR-00299,FREEZER-JKT-SLT,SEED,TEMP-00299,,SEED,2026-09-18T15:42:00.000Z,2026-09-18T15:43:00.000Z,-1.3,WARNING
TR-00076,FREEZER-JKT-BRT,SEED,TEMP-00076,,SEED,2026-09-18T15:44:00.000Z,2026-09-18T15:45:00.000Z,-3,NORMAL
TR-00123,BAG-022,SEED,TEMP-00123,,SEED,2026-09-18T15:45:00.000Z,2026-09-18T15:46:00.000Z,1.2,CRITICAL
TR-00344,BAG-062,SEED,TEMP-00344,,SEED,2026-09-18T15:45:00.000Z,2026-09-18T15:46:00.000Z,-4.5,NORMAL
TR-00047,BOX-04,SEED,TEMP-00047,,SEED,2026-09-18T15:45:00.000Z,2026-09-18T15:46:00.000Z,-5.4,NORMAL
TR-00131,BOX-05,SEED,TEMP-00131,,SEED,2026-09-18T15:45:00.000Z,2026-09-18T15:46:00.000Z,-5.2,NORMAL
TR-00246,BOX-06,SEED,TEMP-00246,,SEED,2026-09-18T15:45:00.000Z,2026-09-18T15:46:00.000Z,1.2,CRITICAL
TR-00233,FREEZER-JKT-TMR,SEED,TEMP-00233,,SEED,2026-09-18T15:46:00.000Z,2026-09-18T15:47:00.000Z,-3.5,NORMAL
TR-00006,FREEZER-JKT-UTR,SEED,TEMP-00006,,SEED,2026-09-18T15:46:00.000Z,2026-09-18T15:47:00.000Z,-4.1,NORMAL
TR-00017,BAG-005,SEED,TEMP-00017,,SEED,2026-09-18T15:48:00.000Z,2026-09-18T15:49:00.000Z,-4.7,NORMAL
TR-00230,BAG-037,SEED,TEMP-00230,,SEED,2026-09-18T15:48:00.000Z,2026-09-18T15:49:00.000Z,-5.6,NORMAL
TR-00038,BOX-02,SEED,TEMP-00038,,SEED,2026-09-18T15:49:00.000Z,2026-09-18T15:50:00.000Z,-5.3,NORMAL
TR-00159,BOX-03,SEED,TEMP-00159,,SEED,2026-09-18T15:49:00.000Z,2026-09-18T15:50:00.000Z,-5.5,NORMAL
TR-00239,BOX-04,SEED,TEMP-00239,,SEED,2026-09-18T15:49:00.000Z,2026-09-18T15:50:00.000Z,-5.5,NORMAL
TR-00217,BAG-035,SEED,TEMP-00217,,SEED,2026-09-18T15:50:00.000Z,2026-09-18T15:51:00.000Z,-4.6,NORMAL
TR-00062,BAG-012,SEED,TEMP-00062,,SEED,2026-09-18T15:51:00.000Z,2026-09-18T15:52:00.000Z,-4.9,NORMAL
TR-00103,BAG-018,SEED,TEMP-00103,,SEED,2026-09-18T15:51:00.000Z,2026-09-18T15:52:00.000Z,-5.9,NORMAL
TR-00110,BAG-020,SEED,TEMP-00110,,SEED,2026-09-18T15:51:00.000Z,2026-09-18T15:52:00.000Z,-5.4,NORMAL
TR-00270,BOX-04,SEED,TEMP-00270,,SEED,2026-09-18T15:51:00.000Z,2026-09-18T15:52:00.000Z,-5.2,NORMAL
TR-00328,BOX-05,SEED,TEMP-00328,,SEED,2026-09-18T15:51:00.000Z,2026-09-18T15:52:00.000Z,1.2,CRITICAL
TR-00144,BOX-01,SEED,TEMP-00144,,SEED,2026-09-18T15:53:00.000Z,2026-09-18T15:54:00.000Z,-4.6,NORMAL
TR-00028,BOX-06,SEED,TEMP-00028,,SEED,2026-09-18T15:53:00.000Z,2026-09-18T15:54:00.000Z,-4.3,NORMAL
TR-00010,BAG-003,SEED,TEMP-00010,,SEED,2026-09-18T15:54:00.000Z,2026-09-18T15:55:00.000Z,-4.5,NORMAL
TR-00202,BAG-033,SEED,TEMP-00202,,SEED,2026-09-18T15:54:00.000Z,2026-09-18T15:55:00.000Z,-5.8,NORMAL
TR-00091,BAG-016,SEED,TEMP-00091,,SEED,2026-09-18T15:55:00.000Z,2026-09-18T15:56:00.000Z,-1.3,WARNING
TR-00255,BOX-02,SEED,TEMP-00255,,SEED,2026-09-18T15:55:00.000Z,2026-09-18T15:56:00.000Z,-5.7,NORMAL
TR-00350,BOX-03,SEED,TEMP-00350,,SEED,2026-09-18T15:55:00.000Z,2026-09-18T15:56:00.000Z,-5.5,NORMAL
TR-00330,BAG-060,SEED,TEMP-00330,,SEED,2026-09-18T15:57:00.000Z,2026-09-18T15:58:00.000Z,-5.8,NORMAL
TR-00227,BOX-06,SEED,TEMP-00227,,SEED,2026-09-18T15:57:00.000Z,2026-09-18T15:58:00.000Z,-5,NORMAL
TR-00132,BAG-023,SEED,TEMP-00132,,SEED,2026-09-18T15:58:00.000Z,2026-09-18T15:59:00.000Z,-4.5,NORMAL
TR-00329,BAG-059,SEED,TEMP-00329,,SEED,2026-09-18T15:58:00.000Z,2026-09-18T15:59:00.000Z,-4.4,NORMAL
TR-00054,FREEZER-JKT-TMR,SEED,TEMP-00054,,SEED,2026-09-18T15:58:00.000Z,2026-09-18T15:59:00.000Z,-3.9,NORMAL
TR-00274,FREEZER-TGR,SEED,TEMP-00274,,SEED,2026-09-18T15:58:00.000Z,2026-09-18T15:59:00.000Z,-4.3,NORMAL
TR-00048,BAG-010,SEED,TEMP-00048,,SEED,2026-09-18T15:59:00.000Z,2026-09-18T16:00:00.000Z,-5.2,NORMAL
TR-00073,BAG-014,SEED,TEMP-00073,,SEED,2026-09-18T15:59:00.000Z,2026-09-18T16:00:00.000Z,-5.2,NORMAL
TR-00271,BAG-046,SEED,TEMP-00271,,SEED,2026-09-18T15:59:00.000Z,2026-09-18T16:00:00.000Z,-5.2,NORMAL
TR-00320,BAG-058,SEED,TEMP-00320,,SEED,2026-09-18T15:59:00.000Z,2026-09-18T16:00:00.000Z,-5.1,NORMAL
TR-00341,BOX-01,SEED,TEMP-00341,,SEED,2026-09-18T15:59:00.000Z,2026-09-18T16:00:00.000Z,-4.6,NORMAL
TR-00206,BOX-04,SEED,TEMP-00206,,SEED,2026-09-18T15:59:00.000Z,2026-09-18T16:00:00.000Z,-4.3,NORMAL
TR-00003,BAG-001,SEED,TEMP-00003,,SEED,2026-09-18T16:00:00.000Z,2026-09-18T16:01:00.000Z,-4.1,NORMAL
TR-00319,BAG-057,SEED,TEMP-00319,,SEED,2026-09-18T16:00:00.000Z,2026-09-18T16:01:00.000Z,-4.8,NORMAL
TR-00120,BOX-03,SEED,TEMP-00120,,SEED,2026-09-18T16:00:00.000Z,2026-09-18T16:01:00.000Z,-4.1,NORMAL
TR-00259,FREEZER-JKT-BRT,SEED,TEMP-00259,,SEED,2026-09-18T16:00:00.000Z,2026-09-18T16:01:00.000Z,-3.4,NORMAL
TR-00042,FREEZER-JKT-SLT,SEED,TEMP-00042,,SEED,2026-09-18T16:00:00.000Z,2026-09-18T16:01:00.000Z,-3.9,NORMAL
TR-00039,BAG-008,SEED,TEMP-00039,,SEED,2026-09-18T16:01:00.000Z,2026-09-18T16:02:00.000Z,-1.3,WARNING
TR-00256,BAG-044,SEED,TEMP-00256,,SEED,2026-09-18T16:01:00.000Z,2026-09-18T16:02:00.000Z,-5.1,NORMAL
TR-00314,BAG-056,SEED,TEMP-00314,,SEED,2026-09-18T16:01:00.000Z,2026-09-18T16:02:00.000Z,-4.8,NORMAL
TR-00387,BOX-02,SEED,TEMP-00387,,SEED,2026-09-18T16:01:00.000Z,2026-09-18T16:02:00.000Z,-4.5,NORMAL
TR-00191,FREEZER-JKT-UTR,SEED,TEMP-00191,,SEED,2026-09-18T16:01:00.000Z,2026-09-18T16:02:00.000Z,-2.9,NORMAL
TR-00107,BOX-01,SEED,TEMP-00107,,SEED,2026-09-18T16:02:00.000Z,2026-09-18T16:03:00.000Z,-4.6,NORMAL
TR-00250,FREEZER-BGR,SEED,TEMP-00250,,SEED,2026-09-18T16:02:00.000Z,2026-09-18T16:03:00.000Z,-3.7,NORMAL
TR-00029,BAG-006,SEED,TEMP-00029,,SEED,2026-09-18T16:03:00.000Z,2026-09-18T16:04:00.000Z,-5.3,NORMAL
TR-00247,BAG-042,SEED,TEMP-00247,,SEED,2026-09-18T16:03:00.000Z,2026-09-18T16:04:00.000Z,-1.3,WARNING
TR-00310,BAG-054,SEED,TEMP-00310,,SEED,2026-09-18T16:03:00.000Z,2026-09-18T16:04:00.000Z,-4.8,NORMAL
TR-00175,FREEZER-TGR,SEED,TEMP-00175,,SEED,2026-09-18T16:03:00.000Z,2026-09-18T16:04:00.000Z,-4.1,NORMAL
TR-00373,FREEZER-TGS,SEED,TEMP-00373,,SEED,2026-09-18T16:03:00.000Z,2026-09-18T16:04:00.000Z,-3.5,NORMAL
TR-00241,BAG-041,SEED,TEMP-00241,,SEED,2026-09-18T16:04:00.000Z,2026-09-18T16:05:00.000Z,-5.1,NORMAL
TR-00095,BOX-05,SEED,TEMP-00095,,SEED,2026-09-18T16:04:00.000Z,2026-09-18T16:05:00.000Z,-5.5,NORMAL
TR-00240,BAG-040,SEED,TEMP-00240,,SEED,2026-09-18T16:05:00.000Z,2026-09-18T16:06:00.000Z,-5.2,NORMAL
TR-00014,BOX-04,SEED,TEMP-00014,,SEED,2026-09-18T16:05:00.000Z,2026-09-18T16:06:00.000Z,-4.7,NORMAL
TR-00354,FREEZER-BKS,SEED,TEMP-00354,,SEED,2026-09-18T16:05:00.000Z,2026-09-18T16:06:00.000Z,-3.4,NORMAL
TR-00163,FREEZER-JKT-TMR,SEED,TEMP-00163,,SEED,2026-09-18T16:05:00.000Z,2026-09-18T16:06:00.000Z,-2.8,NORMAL
TR-00160,BAG-027,SEED,TEMP-00160,,SEED,2026-09-18T16:06:00.000Z,2026-09-18T16:07:00.000Z,-5.1,NORMAL
TR-00234,BAG-039,SEED,TEMP-00234,,SEED,2026-09-18T16:06:00.000Z,2026-09-18T16:07:00.000Z,-1.3,WARNING
TR-00351,BAG-063,SEED,TEMP-00351,,SEED,2026-09-18T16:06:00.000Z,2026-09-18T16:07:00.000Z,-1.3,WARNING
TR-00077,BOX-03,SEED,TEMP-00077,,SEED,2026-09-18T16:06:00.000Z,2026-09-18T16:07:00.000Z,-4.8,NORMAL
TR-00007,BOX-02,SEED,TEMP-00007,,SEED,2026-09-18T16:07:00.000Z,2026-09-18T16:08:00.000Z,-5.3,NORMAL
TR-00345,FREEZER-JKT-UTR,SEED,TEMP-00345,,SEED,2026-09-18T16:07:00.000Z,2026-09-18T16:08:00.000Z,-3.2,NORMAL
TR-00151,FREEZER-TGR,SEED,TEMP-00151,,SEED,2026-09-18T16:07:00.000Z,2026-09-18T16:08:00.000Z,-3,NORMAL
TR-00145,BAG-025,SEED,TEMP-00145,,SEED,2026-09-18T16:08:00.000Z,2026-09-18T16:09:00.000Z,-5.6,NORMAL
TR-00342,BAG-061,SEED,TEMP-00342,,SEED,2026-09-18T16:08:00.000Z,2026-09-18T16:09:00.000Z,-4.5,NORMAL
TR-00065,FREEZER-BGR,SEED,TEMP-00065,,SEED,2026-09-18T16:08:00.000Z,2026-09-18T16:09:00.000Z,-1.3,WARNING
TR-00284,FREEZER-JKT-SLT,SEED,TEMP-00284,,SEED,2026-09-18T16:08:00.000Z,2026-09-18T16:09:00.000Z,-4.2,NORMAL
TR-00136,BAG-024,SEED,TEMP-00136,,SEED,2026-09-18T16:09:00.000Z,2026-09-18T16:10:00.000Z,-4.5,NORMAL
TR-00033,BAG-007,SEED,TEMP-00033,,SEED,2026-09-18T16:12:00.000Z,2026-09-18T16:13:00.000Z,-5.3,NORMAL
